"SCENARIO","OM","MP","STKN","LHSC","SIGR","FHIST","CVFH","IDXT","CVID","ADVT","HCRT","PBUF","UCPL","UCPU","HCRI"
"sc000001","om001","mp0001","STK1","bc",0.75,"fopt",0.1,"b1p","low","fix","ft0",0,0,0,"fix"
"sc000002","om001","mp0002","STK1","bc",0.75,"fopt",0.1,"b1p","low","iny","1o2",0,0,0,"nin"
"sc000003","om001","mp0003","STK1","bc",0.75,"fopt",0.1,"b1p","low","iny","1o2",0,0.2,0.2,"nin"
"sc000004","om001","mp0004","STK1","bc",0.75,"fopt",0.1,"b1p","low","iny","1o2",0,0.2,0.25,"nin"
"sc000005","om001","mp0005","STK1","bc",0.75,"fopt",0.1,"b1p","low","iny","1o2",0,0.5,0.5,"nin"
"sc000006","om001","mp0006","STK1","bc",0.75,"fopt",0.1,"b1p","low","iny","1o2",0,0.5,1,"nin"
"sc000007","om001","mp0007","STK1","bc",0.75,"fopt",0.1,"b1p","low","iny","1o2",0,0.5,1.5,"nin"
"sc000008","om001","mp0008","STK1","bc",0.75,"fopt",0.1,"b1p","low","iny","1o2",0,0.8,0.8,"nin"
"sc000009","om001","mp0009","STK1","bc",0.75,"fopt",0.1,"b1p","low","iny","1o2",0,0.8,2.75,"nin"
"sc000010","om001","mp0010","STK1","bc",0.75,"fopt",0.1,"b1p","low","iny","1o2",0,0.8,4,"nin"
"sc000011","om001","mp0011","STK1","bc",0.75,"fopt",0.1,"b1p","low","iny","1o2",0,0.8,5.25,"nin"
"sc000012","om001","mp0012","STK1","bc",0.75,"fopt",0.1,"b1p","low","iny","1o3",0,0,0,"nin"
"sc000013","om001","mp0013","STK1","bc",0.75,"fopt",0.1,"b1p","low","iny","1o3",0,0.2,0.2,"nin"
"sc000014","om001","mp0014","STK1","bc",0.75,"fopt",0.1,"b1p","low","iny","1o3",0,0.2,0.25,"nin"
"sc000015","om001","mp0015","STK1","bc",0.75,"fopt",0.1,"b1p","low","iny","1o3",0,0.5,0.5,"nin"
"sc000016","om001","mp0016","STK1","bc",0.75,"fopt",0.1,"b1p","low","iny","1o3",0,0.5,1,"nin"
"sc000017","om001","mp0017","STK1","bc",0.75,"fopt",0.1,"b1p","low","iny","1o3",0,0.5,1.5,"nin"
"sc000018","om001","mp0018","STK1","bc",0.75,"fopt",0.1,"b1p","low","iny","1o3",0,0.8,0.8,"nin"
"sc000019","om001","mp0019","STK1","bc",0.75,"fopt",0.1,"b1p","low","iny","1o3",0,0.8,2.75,"nin"
"sc000020","om001","mp0020","STK1","bc",0.75,"fopt",0.1,"b1p","low","iny","1o3",0,0.8,4,"nin"
"sc000021","om001","mp0021","STK1","bc",0.75,"fopt",0.1,"b1p","low","iny","1o3",0,0.8,5.25,"nin"
"sc000022","om001","mp0022","STK1","bc",0.75,"fopt",0.1,"b1p","low","iny","2o3",0,0,0,"nin"
"sc000023","om001","mp0023","STK1","bc",0.75,"fopt",0.1,"b1p","low","iny","2o3",0,0.2,0.2,"nin"
"sc000024","om001","mp0024","STK1","bc",0.75,"fopt",0.1,"b1p","low","iny","2o3",0,0.2,0.25,"nin"
"sc000025","om001","mp0025","STK1","bc",0.75,"fopt",0.1,"b1p","low","iny","2o3",0,0.5,0.5,"nin"
"sc000026","om001","mp0026","STK1","bc",0.75,"fopt",0.1,"b1p","low","iny","2o3",0,0.5,1,"nin"
"sc000027","om001","mp0027","STK1","bc",0.75,"fopt",0.1,"b1p","low","iny","2o3",0,0.5,1.5,"nin"
"sc000028","om001","mp0028","STK1","bc",0.75,"fopt",0.1,"b1p","low","iny","2o3",0,0.8,0.8,"nin"
"sc000029","om001","mp0029","STK1","bc",0.75,"fopt",0.1,"b1p","low","iny","2o3",0,0.8,2.75,"nin"
"sc000030","om001","mp0030","STK1","bc",0.75,"fopt",0.1,"b1p","low","iny","2o3",0,0.8,4,"nin"
"sc000031","om001","mp0031","STK1","bc",0.75,"fopt",0.1,"b1p","low","iny","2o3",0,0.8,5.25,"nin"
"sc000032","om001","mp0032","STK1","bc",0.75,"fopt",0.1,"b1p","low","iny","1o5",0,0,0,"nin"
"sc000033","om001","mp0033","STK1","bc",0.75,"fopt",0.1,"b1p","low","iny","1o5",0,0.2,0.2,"nin"
"sc000034","om001","mp0034","STK1","bc",0.75,"fopt",0.1,"b1p","low","iny","1o5",0,0.2,0.25,"nin"
"sc000035","om001","mp0035","STK1","bc",0.75,"fopt",0.1,"b1p","low","iny","1o5",0,0.5,0.5,"nin"
"sc000036","om001","mp0036","STK1","bc",0.75,"fopt",0.1,"b1p","low","iny","1o5",0,0.5,1,"nin"
"sc000037","om001","mp0037","STK1","bc",0.75,"fopt",0.1,"b1p","low","iny","1o5",0,0.5,1.5,"nin"
"sc000038","om001","mp0038","STK1","bc",0.75,"fopt",0.1,"b1p","low","iny","1o5",0,0.8,0.8,"nin"
"sc000039","om001","mp0039","STK1","bc",0.75,"fopt",0.1,"b1p","low","iny","1o5",0,0.8,2.75,"nin"
"sc000040","om001","mp0040","STK1","bc",0.75,"fopt",0.1,"b1p","low","iny","1o5",0,0.8,4,"nin"
"sc000041","om001","mp0041","STK1","bc",0.75,"fopt",0.1,"b1p","low","iny","1o5",0,0.8,5.25,"nin"
"sc000042","om001","mp0042","STK1","bc",0.75,"fopt",0.1,"b1p","low","fpa","1o2",0,0,0,"nin"
"sc000043","om001","mp0043","STK1","bc",0.75,"fopt",0.1,"b1p","low","fpa","1o2",0,0.2,0.2,"nin"
"sc000044","om001","mp0044","STK1","bc",0.75,"fopt",0.1,"b1p","low","fpa","1o2",0,0.2,0.25,"nin"
"sc000045","om001","mp0045","STK1","bc",0.75,"fopt",0.1,"b1p","low","fpa","1o2",0,0.5,0.5,"nin"
"sc000046","om001","mp0046","STK1","bc",0.75,"fopt",0.1,"b1p","low","fpa","1o2",0,0.5,1,"nin"
"sc000047","om001","mp0047","STK1","bc",0.75,"fopt",0.1,"b1p","low","fpa","1o2",0,0.5,1.5,"nin"
"sc000048","om001","mp0048","STK1","bc",0.75,"fopt",0.1,"b1p","low","fpa","1o2",0,0.8,0.8,"nin"
"sc000049","om001","mp0049","STK1","bc",0.75,"fopt",0.1,"b1p","low","fpa","1o2",0,0.8,2.75,"nin"
"sc000050","om001","mp0050","STK1","bc",0.75,"fopt",0.1,"b1p","low","fpa","1o2",0,0.8,4,"nin"
"sc000051","om001","mp0051","STK1","bc",0.75,"fopt",0.1,"b1p","low","fpa","1o2",0,0.8,5.25,"nin"
"sc000052","om001","mp0052","STK1","bc",0.75,"fopt",0.1,"b1p","low","fpa","1o3",0,0,0,"nin"
"sc000053","om001","mp0053","STK1","bc",0.75,"fopt",0.1,"b1p","low","fpa","1o3",0,0.2,0.2,"nin"
"sc000054","om001","mp0054","STK1","bc",0.75,"fopt",0.1,"b1p","low","fpa","1o3",0,0.2,0.25,"nin"
"sc000055","om001","mp0055","STK1","bc",0.75,"fopt",0.1,"b1p","low","fpa","1o3",0,0.5,0.5,"nin"
"sc000056","om001","mp0056","STK1","bc",0.75,"fopt",0.1,"b1p","low","fpa","1o3",0,0.5,1,"nin"
"sc000057","om001","mp0057","STK1","bc",0.75,"fopt",0.1,"b1p","low","fpa","1o3",0,0.5,1.5,"nin"
"sc000058","om001","mp0058","STK1","bc",0.75,"fopt",0.1,"b1p","low","fpa","1o3",0,0.8,0.8,"nin"
"sc000059","om001","mp0059","STK1","bc",0.75,"fopt",0.1,"b1p","low","fpa","1o3",0,0.8,2.75,"nin"
"sc000060","om001","mp0060","STK1","bc",0.75,"fopt",0.1,"b1p","low","fpa","1o3",0,0.8,4,"nin"
"sc000061","om001","mp0061","STK1","bc",0.75,"fopt",0.1,"b1p","low","fpa","1o3",0,0.8,5.25,"nin"
"sc000062","om001","mp0062","STK1","bc",0.75,"fopt",0.1,"b1p","low","fpa","2o3",0,0,0,"nin"
"sc000063","om001","mp0063","STK1","bc",0.75,"fopt",0.1,"b1p","low","fpa","2o3",0,0.2,0.2,"nin"
"sc000064","om001","mp0064","STK1","bc",0.75,"fopt",0.1,"b1p","low","fpa","2o3",0,0.2,0.25,"nin"
"sc000065","om001","mp0065","STK1","bc",0.75,"fopt",0.1,"b1p","low","fpa","2o3",0,0.5,0.5,"nin"
"sc000066","om001","mp0066","STK1","bc",0.75,"fopt",0.1,"b1p","low","fpa","2o3",0,0.5,1,"nin"
"sc000067","om001","mp0067","STK1","bc",0.75,"fopt",0.1,"b1p","low","fpa","2o3",0,0.5,1.5,"nin"
"sc000068","om001","mp0068","STK1","bc",0.75,"fopt",0.1,"b1p","low","fpa","2o3",0,0.8,0.8,"nin"
"sc000069","om001","mp0069","STK1","bc",0.75,"fopt",0.1,"b1p","low","fpa","2o3",0,0.8,2.75,"nin"
"sc000070","om001","mp0070","STK1","bc",0.75,"fopt",0.1,"b1p","low","fpa","2o3",0,0.8,4,"nin"
"sc000071","om001","mp0071","STK1","bc",0.75,"fopt",0.1,"b1p","low","fpa","2o3",0,0.8,5.25,"nin"
"sc000072","om001","mp0072","STK1","bc",0.75,"fopt",0.1,"b1p","low","fpa","1o5",0,0,0,"nin"
"sc000073","om001","mp0073","STK1","bc",0.75,"fopt",0.1,"b1p","low","fpa","1o5",0,0.2,0.2,"nin"
"sc000074","om001","mp0074","STK1","bc",0.75,"fopt",0.1,"b1p","low","fpa","1o5",0,0.2,0.25,"nin"
"sc000075","om001","mp0075","STK1","bc",0.75,"fopt",0.1,"b1p","low","fpa","1o5",0,0.5,0.5,"nin"
"sc000076","om001","mp0076","STK1","bc",0.75,"fopt",0.1,"b1p","low","fpa","1o5",0,0.5,1,"nin"
"sc000077","om001","mp0077","STK1","bc",0.75,"fopt",0.1,"b1p","low","fpa","1o5",0,0.5,1.5,"nin"
"sc000078","om001","mp0078","STK1","bc",0.75,"fopt",0.1,"b1p","low","fpa","1o5",0,0.8,0.8,"nin"
"sc000079","om001","mp0079","STK1","bc",0.75,"fopt",0.1,"b1p","low","fpa","1o5",0,0.8,2.75,"nin"
"sc000080","om001","mp0080","STK1","bc",0.75,"fopt",0.1,"b1p","low","fpa","1o5",0,0.8,4,"nin"
"sc000081","om001","mp0081","STK1","bc",0.75,"fopt",0.1,"b1p","low","fpa","1o5",0,0.8,5.25,"nin"
"sc000082","om001","mp0082","STK1","bc",0.75,"fopt",0.1,"b1p","low","int","1o2",0,0,0,"nin"
"sc000083","om001","mp0083","STK1","bc",0.75,"fopt",0.1,"b1p","low","int","1o2",0,0.2,0.2,"nin"
"sc000084","om001","mp0084","STK1","bc",0.75,"fopt",0.1,"b1p","low","int","1o2",0,0.2,0.25,"nin"
"sc000085","om001","mp0085","STK1","bc",0.75,"fopt",0.1,"b1p","low","int","1o2",0,0.5,0.5,"nin"
"sc000086","om001","mp0086","STK1","bc",0.75,"fopt",0.1,"b1p","low","int","1o2",0,0.5,1,"nin"
"sc000087","om001","mp0087","STK1","bc",0.75,"fopt",0.1,"b1p","low","int","1o2",0,0.5,1.5,"nin"
"sc000088","om001","mp0088","STK1","bc",0.75,"fopt",0.1,"b1p","low","int","1o2",0,0.8,0.8,"nin"
"sc000089","om001","mp0089","STK1","bc",0.75,"fopt",0.1,"b1p","low","int","1o2",0,0.8,2.75,"nin"
"sc000090","om001","mp0090","STK1","bc",0.75,"fopt",0.1,"b1p","low","int","1o2",0,0.8,4,"nin"
"sc000091","om001","mp0091","STK1","bc",0.75,"fopt",0.1,"b1p","low","int","1o2",0,0.8,5.25,"nin"
"sc000092","om001","mp0092","STK1","bc",0.75,"fopt",0.1,"b1p","low","int","1o3",0,0,0,"nin"
"sc000093","om001","mp0093","STK1","bc",0.75,"fopt",0.1,"b1p","low","int","1o3",0,0.2,0.2,"nin"
"sc000094","om001","mp0094","STK1","bc",0.75,"fopt",0.1,"b1p","low","int","1o3",0,0.2,0.25,"nin"
"sc000095","om001","mp0095","STK1","bc",0.75,"fopt",0.1,"b1p","low","int","1o3",0,0.5,0.5,"nin"
"sc000096","om001","mp0096","STK1","bc",0.75,"fopt",0.1,"b1p","low","int","1o3",0,0.5,1,"nin"
"sc000097","om001","mp0097","STK1","bc",0.75,"fopt",0.1,"b1p","low","int","1o3",0,0.5,1.5,"nin"
"sc000098","om001","mp0098","STK1","bc",0.75,"fopt",0.1,"b1p","low","int","1o3",0,0.8,0.8,"nin"
"sc000099","om001","mp0099","STK1","bc",0.75,"fopt",0.1,"b1p","low","int","1o3",0,0.8,2.75,"nin"
"sc000100","om001","mp0100","STK1","bc",0.75,"fopt",0.1,"b1p","low","int","1o3",0,0.8,4,"nin"
"sc000101","om001","mp0101","STK1","bc",0.75,"fopt",0.1,"b1p","low","int","1o3",0,0.8,5.25,"nin"
"sc000102","om001","mp0102","STK1","bc",0.75,"fopt",0.1,"b1p","low","int","2o3",0,0,0,"nin"
"sc000103","om001","mp0103","STK1","bc",0.75,"fopt",0.1,"b1p","low","int","2o3",0,0.2,0.2,"nin"
"sc000104","om001","mp0104","STK1","bc",0.75,"fopt",0.1,"b1p","low","int","2o3",0,0.2,0.25,"nin"
"sc000105","om001","mp0105","STK1","bc",0.75,"fopt",0.1,"b1p","low","int","2o3",0,0.5,0.5,"nin"
"sc000106","om001","mp0106","STK1","bc",0.75,"fopt",0.1,"b1p","low","int","2o3",0,0.5,1,"nin"
"sc000107","om001","mp0107","STK1","bc",0.75,"fopt",0.1,"b1p","low","int","2o3",0,0.5,1.5,"nin"
"sc000108","om001","mp0108","STK1","bc",0.75,"fopt",0.1,"b1p","low","int","2o3",0,0.8,0.8,"nin"
"sc000109","om001","mp0109","STK1","bc",0.75,"fopt",0.1,"b1p","low","int","2o3",0,0.8,2.75,"nin"
"sc000110","om001","mp0110","STK1","bc",0.75,"fopt",0.1,"b1p","low","int","2o3",0,0.8,4,"nin"
"sc000111","om001","mp0111","STK1","bc",0.75,"fopt",0.1,"b1p","low","int","2o3",0,0.8,5.25,"nin"
"sc000112","om001","mp0112","STK1","bc",0.75,"fopt",0.1,"b1p","low","int","1o5",0,0,0,"nin"
"sc000113","om001","mp0113","STK1","bc",0.75,"fopt",0.1,"b1p","low","int","1o5",0,0.2,0.2,"nin"
"sc000114","om001","mp0114","STK1","bc",0.75,"fopt",0.1,"b1p","low","int","1o5",0,0.2,0.25,"nin"
"sc000115","om001","mp0115","STK1","bc",0.75,"fopt",0.1,"b1p","low","int","1o5",0,0.5,0.5,"nin"
"sc000116","om001","mp0116","STK1","bc",0.75,"fopt",0.1,"b1p","low","int","1o5",0,0.5,1,"nin"
"sc000117","om001","mp0117","STK1","bc",0.75,"fopt",0.1,"b1p","low","int","1o5",0,0.5,1.5,"nin"
"sc000118","om001","mp0118","STK1","bc",0.75,"fopt",0.1,"b1p","low","int","1o5",0,0.8,0.8,"nin"
"sc000119","om001","mp0119","STK1","bc",0.75,"fopt",0.1,"b1p","low","int","1o5",0,0.8,2.75,"nin"
"sc000120","om001","mp0120","STK1","bc",0.75,"fopt",0.1,"b1p","low","int","1o5",0,0.8,4,"nin"
"sc000121","om001","mp0121","STK1","bc",0.75,"fopt",0.1,"b1p","low","int","1o5",0,0.8,5.25,"nin"
"sc000122","om002","mp0001","STK1","bc",0.75,"flow",0.1,"b1p","low","fix","ft0",0,0,0,"fix"
"sc000123","om002","mp0002","STK1","bc",0.75,"flow",0.1,"b1p","low","iny","1o2",0,0,0,"nin"
"sc000124","om002","mp0003","STK1","bc",0.75,"flow",0.1,"b1p","low","iny","1o2",0,0.2,0.2,"nin"
"sc000125","om002","mp0004","STK1","bc",0.75,"flow",0.1,"b1p","low","iny","1o2",0,0.2,0.25,"nin"
"sc000126","om002","mp0005","STK1","bc",0.75,"flow",0.1,"b1p","low","iny","1o2",0,0.5,0.5,"nin"
"sc000127","om002","mp0006","STK1","bc",0.75,"flow",0.1,"b1p","low","iny","1o2",0,0.5,1,"nin"
"sc000128","om002","mp0007","STK1","bc",0.75,"flow",0.1,"b1p","low","iny","1o2",0,0.5,1.5,"nin"
"sc000129","om002","mp0008","STK1","bc",0.75,"flow",0.1,"b1p","low","iny","1o2",0,0.8,0.8,"nin"
"sc000130","om002","mp0009","STK1","bc",0.75,"flow",0.1,"b1p","low","iny","1o2",0,0.8,2.75,"nin"
"sc000131","om002","mp0010","STK1","bc",0.75,"flow",0.1,"b1p","low","iny","1o2",0,0.8,4,"nin"
"sc000132","om002","mp0011","STK1","bc",0.75,"flow",0.1,"b1p","low","iny","1o2",0,0.8,5.25,"nin"
"sc000133","om002","mp0012","STK1","bc",0.75,"flow",0.1,"b1p","low","iny","1o3",0,0,0,"nin"
"sc000134","om002","mp0013","STK1","bc",0.75,"flow",0.1,"b1p","low","iny","1o3",0,0.2,0.2,"nin"
"sc000135","om002","mp0014","STK1","bc",0.75,"flow",0.1,"b1p","low","iny","1o3",0,0.2,0.25,"nin"
"sc000136","om002","mp0015","STK1","bc",0.75,"flow",0.1,"b1p","low","iny","1o3",0,0.5,0.5,"nin"
"sc000137","om002","mp0016","STK1","bc",0.75,"flow",0.1,"b1p","low","iny","1o3",0,0.5,1,"nin"
"sc000138","om002","mp0017","STK1","bc",0.75,"flow",0.1,"b1p","low","iny","1o3",0,0.5,1.5,"nin"
"sc000139","om002","mp0018","STK1","bc",0.75,"flow",0.1,"b1p","low","iny","1o3",0,0.8,0.8,"nin"
"sc000140","om002","mp0019","STK1","bc",0.75,"flow",0.1,"b1p","low","iny","1o3",0,0.8,2.75,"nin"
"sc000141","om002","mp0020","STK1","bc",0.75,"flow",0.1,"b1p","low","iny","1o3",0,0.8,4,"nin"
"sc000142","om002","mp0021","STK1","bc",0.75,"flow",0.1,"b1p","low","iny","1o3",0,0.8,5.25,"nin"
"sc000143","om002","mp0022","STK1","bc",0.75,"flow",0.1,"b1p","low","iny","2o3",0,0,0,"nin"
"sc000144","om002","mp0023","STK1","bc",0.75,"flow",0.1,"b1p","low","iny","2o3",0,0.2,0.2,"nin"
"sc000145","om002","mp0024","STK1","bc",0.75,"flow",0.1,"b1p","low","iny","2o3",0,0.2,0.25,"nin"
"sc000146","om002","mp0025","STK1","bc",0.75,"flow",0.1,"b1p","low","iny","2o3",0,0.5,0.5,"nin"
"sc000147","om002","mp0026","STK1","bc",0.75,"flow",0.1,"b1p","low","iny","2o3",0,0.5,1,"nin"
"sc000148","om002","mp0027","STK1","bc",0.75,"flow",0.1,"b1p","low","iny","2o3",0,0.5,1.5,"nin"
"sc000149","om002","mp0028","STK1","bc",0.75,"flow",0.1,"b1p","low","iny","2o3",0,0.8,0.8,"nin"
"sc000150","om002","mp0029","STK1","bc",0.75,"flow",0.1,"b1p","low","iny","2o3",0,0.8,2.75,"nin"
"sc000151","om002","mp0030","STK1","bc",0.75,"flow",0.1,"b1p","low","iny","2o3",0,0.8,4,"nin"
"sc000152","om002","mp0031","STK1","bc",0.75,"flow",0.1,"b1p","low","iny","2o3",0,0.8,5.25,"nin"
"sc000153","om002","mp0032","STK1","bc",0.75,"flow",0.1,"b1p","low","iny","1o5",0,0,0,"nin"
"sc000154","om002","mp0033","STK1","bc",0.75,"flow",0.1,"b1p","low","iny","1o5",0,0.2,0.2,"nin"
"sc000155","om002","mp0034","STK1","bc",0.75,"flow",0.1,"b1p","low","iny","1o5",0,0.2,0.25,"nin"
"sc000156","om002","mp0035","STK1","bc",0.75,"flow",0.1,"b1p","low","iny","1o5",0,0.5,0.5,"nin"
"sc000157","om002","mp0036","STK1","bc",0.75,"flow",0.1,"b1p","low","iny","1o5",0,0.5,1,"nin"
"sc000158","om002","mp0037","STK1","bc",0.75,"flow",0.1,"b1p","low","iny","1o5",0,0.5,1.5,"nin"
"sc000159","om002","mp0038","STK1","bc",0.75,"flow",0.1,"b1p","low","iny","1o5",0,0.8,0.8,"nin"
"sc000160","om002","mp0039","STK1","bc",0.75,"flow",0.1,"b1p","low","iny","1o5",0,0.8,2.75,"nin"
"sc000161","om002","mp0040","STK1","bc",0.75,"flow",0.1,"b1p","low","iny","1o5",0,0.8,4,"nin"
"sc000162","om002","mp0041","STK1","bc",0.75,"flow",0.1,"b1p","low","iny","1o5",0,0.8,5.25,"nin"
"sc000163","om002","mp0042","STK1","bc",0.75,"flow",0.1,"b1p","low","fpa","1o2",0,0,0,"nin"
"sc000164","om002","mp0043","STK1","bc",0.75,"flow",0.1,"b1p","low","fpa","1o2",0,0.2,0.2,"nin"
"sc000165","om002","mp0044","STK1","bc",0.75,"flow",0.1,"b1p","low","fpa","1o2",0,0.2,0.25,"nin"
"sc000166","om002","mp0045","STK1","bc",0.75,"flow",0.1,"b1p","low","fpa","1o2",0,0.5,0.5,"nin"
"sc000167","om002","mp0046","STK1","bc",0.75,"flow",0.1,"b1p","low","fpa","1o2",0,0.5,1,"nin"
"sc000168","om002","mp0047","STK1","bc",0.75,"flow",0.1,"b1p","low","fpa","1o2",0,0.5,1.5,"nin"
"sc000169","om002","mp0048","STK1","bc",0.75,"flow",0.1,"b1p","low","fpa","1o2",0,0.8,0.8,"nin"
"sc000170","om002","mp0049","STK1","bc",0.75,"flow",0.1,"b1p","low","fpa","1o2",0,0.8,2.75,"nin"
"sc000171","om002","mp0050","STK1","bc",0.75,"flow",0.1,"b1p","low","fpa","1o2",0,0.8,4,"nin"
"sc000172","om002","mp0051","STK1","bc",0.75,"flow",0.1,"b1p","low","fpa","1o2",0,0.8,5.25,"nin"
"sc000173","om002","mp0052","STK1","bc",0.75,"flow",0.1,"b1p","low","fpa","1o3",0,0,0,"nin"
"sc000174","om002","mp0053","STK1","bc",0.75,"flow",0.1,"b1p","low","fpa","1o3",0,0.2,0.2,"nin"
"sc000175","om002","mp0054","STK1","bc",0.75,"flow",0.1,"b1p","low","fpa","1o3",0,0.2,0.25,"nin"
"sc000176","om002","mp0055","STK1","bc",0.75,"flow",0.1,"b1p","low","fpa","1o3",0,0.5,0.5,"nin"
"sc000177","om002","mp0056","STK1","bc",0.75,"flow",0.1,"b1p","low","fpa","1o3",0,0.5,1,"nin"
"sc000178","om002","mp0057","STK1","bc",0.75,"flow",0.1,"b1p","low","fpa","1o3",0,0.5,1.5,"nin"
"sc000179","om002","mp0058","STK1","bc",0.75,"flow",0.1,"b1p","low","fpa","1o3",0,0.8,0.8,"nin"
"sc000180","om002","mp0059","STK1","bc",0.75,"flow",0.1,"b1p","low","fpa","1o3",0,0.8,2.75,"nin"
"sc000181","om002","mp0060","STK1","bc",0.75,"flow",0.1,"b1p","low","fpa","1o3",0,0.8,4,"nin"
"sc000182","om002","mp0061","STK1","bc",0.75,"flow",0.1,"b1p","low","fpa","1o3",0,0.8,5.25,"nin"
"sc000183","om002","mp0062","STK1","bc",0.75,"flow",0.1,"b1p","low","fpa","2o3",0,0,0,"nin"
"sc000184","om002","mp0063","STK1","bc",0.75,"flow",0.1,"b1p","low","fpa","2o3",0,0.2,0.2,"nin"
"sc000185","om002","mp0064","STK1","bc",0.75,"flow",0.1,"b1p","low","fpa","2o3",0,0.2,0.25,"nin"
"sc000186","om002","mp0065","STK1","bc",0.75,"flow",0.1,"b1p","low","fpa","2o3",0,0.5,0.5,"nin"
"sc000187","om002","mp0066","STK1","bc",0.75,"flow",0.1,"b1p","low","fpa","2o3",0,0.5,1,"nin"
"sc000188","om002","mp0067","STK1","bc",0.75,"flow",0.1,"b1p","low","fpa","2o3",0,0.5,1.5,"nin"
"sc000189","om002","mp0068","STK1","bc",0.75,"flow",0.1,"b1p","low","fpa","2o3",0,0.8,0.8,"nin"
"sc000190","om002","mp0069","STK1","bc",0.75,"flow",0.1,"b1p","low","fpa","2o3",0,0.8,2.75,"nin"
"sc000191","om002","mp0070","STK1","bc",0.75,"flow",0.1,"b1p","low","fpa","2o3",0,0.8,4,"nin"
"sc000192","om002","mp0071","STK1","bc",0.75,"flow",0.1,"b1p","low","fpa","2o3",0,0.8,5.25,"nin"
"sc000193","om002","mp0072","STK1","bc",0.75,"flow",0.1,"b1p","low","fpa","1o5",0,0,0,"nin"
"sc000194","om002","mp0073","STK1","bc",0.75,"flow",0.1,"b1p","low","fpa","1o5",0,0.2,0.2,"nin"
"sc000195","om002","mp0074","STK1","bc",0.75,"flow",0.1,"b1p","low","fpa","1o5",0,0.2,0.25,"nin"
"sc000196","om002","mp0075","STK1","bc",0.75,"flow",0.1,"b1p","low","fpa","1o5",0,0.5,0.5,"nin"
"sc000197","om002","mp0076","STK1","bc",0.75,"flow",0.1,"b1p","low","fpa","1o5",0,0.5,1,"nin"
"sc000198","om002","mp0077","STK1","bc",0.75,"flow",0.1,"b1p","low","fpa","1o5",0,0.5,1.5,"nin"
"sc000199","om002","mp0078","STK1","bc",0.75,"flow",0.1,"b1p","low","fpa","1o5",0,0.8,0.8,"nin"
"sc000200","om002","mp0079","STK1","bc",0.75,"flow",0.1,"b1p","low","fpa","1o5",0,0.8,2.75,"nin"
"sc000201","om002","mp0080","STK1","bc",0.75,"flow",0.1,"b1p","low","fpa","1o5",0,0.8,4,"nin"
"sc000202","om002","mp0081","STK1","bc",0.75,"flow",0.1,"b1p","low","fpa","1o5",0,0.8,5.25,"nin"
"sc000203","om002","mp0082","STK1","bc",0.75,"flow",0.1,"b1p","low","int","1o2",0,0,0,"nin"
"sc000204","om002","mp0083","STK1","bc",0.75,"flow",0.1,"b1p","low","int","1o2",0,0.2,0.2,"nin"
"sc000205","om002","mp0084","STK1","bc",0.75,"flow",0.1,"b1p","low","int","1o2",0,0.2,0.25,"nin"
"sc000206","om002","mp0085","STK1","bc",0.75,"flow",0.1,"b1p","low","int","1o2",0,0.5,0.5,"nin"
"sc000207","om002","mp0086","STK1","bc",0.75,"flow",0.1,"b1p","low","int","1o2",0,0.5,1,"nin"
"sc000208","om002","mp0087","STK1","bc",0.75,"flow",0.1,"b1p","low","int","1o2",0,0.5,1.5,"nin"
"sc000209","om002","mp0088","STK1","bc",0.75,"flow",0.1,"b1p","low","int","1o2",0,0.8,0.8,"nin"
"sc000210","om002","mp0089","STK1","bc",0.75,"flow",0.1,"b1p","low","int","1o2",0,0.8,2.75,"nin"
"sc000211","om002","mp0090","STK1","bc",0.75,"flow",0.1,"b1p","low","int","1o2",0,0.8,4,"nin"
"sc000212","om002","mp0091","STK1","bc",0.75,"flow",0.1,"b1p","low","int","1o2",0,0.8,5.25,"nin"
"sc000213","om002","mp0092","STK1","bc",0.75,"flow",0.1,"b1p","low","int","1o3",0,0,0,"nin"
"sc000214","om002","mp0093","STK1","bc",0.75,"flow",0.1,"b1p","low","int","1o3",0,0.2,0.2,"nin"
"sc000215","om002","mp0094","STK1","bc",0.75,"flow",0.1,"b1p","low","int","1o3",0,0.2,0.25,"nin"
"sc000216","om002","mp0095","STK1","bc",0.75,"flow",0.1,"b1p","low","int","1o3",0,0.5,0.5,"nin"
"sc000217","om002","mp0096","STK1","bc",0.75,"flow",0.1,"b1p","low","int","1o3",0,0.5,1,"nin"
"sc000218","om002","mp0097","STK1","bc",0.75,"flow",0.1,"b1p","low","int","1o3",0,0.5,1.5,"nin"
"sc000219","om002","mp0098","STK1","bc",0.75,"flow",0.1,"b1p","low","int","1o3",0,0.8,0.8,"nin"
"sc000220","om002","mp0099","STK1","bc",0.75,"flow",0.1,"b1p","low","int","1o3",0,0.8,2.75,"nin"
"sc000221","om002","mp0100","STK1","bc",0.75,"flow",0.1,"b1p","low","int","1o3",0,0.8,4,"nin"
"sc000222","om002","mp0101","STK1","bc",0.75,"flow",0.1,"b1p","low","int","1o3",0,0.8,5.25,"nin"
"sc000223","om002","mp0102","STK1","bc",0.75,"flow",0.1,"b1p","low","int","2o3",0,0,0,"nin"
"sc000224","om002","mp0103","STK1","bc",0.75,"flow",0.1,"b1p","low","int","2o3",0,0.2,0.2,"nin"
"sc000225","om002","mp0104","STK1","bc",0.75,"flow",0.1,"b1p","low","int","2o3",0,0.2,0.25,"nin"
"sc000226","om002","mp0105","STK1","bc",0.75,"flow",0.1,"b1p","low","int","2o3",0,0.5,0.5,"nin"
"sc000227","om002","mp0106","STK1","bc",0.75,"flow",0.1,"b1p","low","int","2o3",0,0.5,1,"nin"
"sc000228","om002","mp0107","STK1","bc",0.75,"flow",0.1,"b1p","low","int","2o3",0,0.5,1.5,"nin"
"sc000229","om002","mp0108","STK1","bc",0.75,"flow",0.1,"b1p","low","int","2o3",0,0.8,0.8,"nin"
"sc000230","om002","mp0109","STK1","bc",0.75,"flow",0.1,"b1p","low","int","2o3",0,0.8,2.75,"nin"
"sc000231","om002","mp0110","STK1","bc",0.75,"flow",0.1,"b1p","low","int","2o3",0,0.8,4,"nin"
"sc000232","om002","mp0111","STK1","bc",0.75,"flow",0.1,"b1p","low","int","2o3",0,0.8,5.25,"nin"
"sc000233","om002","mp0112","STK1","bc",0.75,"flow",0.1,"b1p","low","int","1o5",0,0,0,"nin"
"sc000234","om002","mp0113","STK1","bc",0.75,"flow",0.1,"b1p","low","int","1o5",0,0.2,0.2,"nin"
"sc000235","om002","mp0114","STK1","bc",0.75,"flow",0.1,"b1p","low","int","1o5",0,0.2,0.25,"nin"
"sc000236","om002","mp0115","STK1","bc",0.75,"flow",0.1,"b1p","low","int","1o5",0,0.5,0.5,"nin"
"sc000237","om002","mp0116","STK1","bc",0.75,"flow",0.1,"b1p","low","int","1o5",0,0.5,1,"nin"
"sc000238","om002","mp0117","STK1","bc",0.75,"flow",0.1,"b1p","low","int","1o5",0,0.5,1.5,"nin"
"sc000239","om002","mp0118","STK1","bc",0.75,"flow",0.1,"b1p","low","int","1o5",0,0.8,0.8,"nin"
"sc000240","om002","mp0119","STK1","bc",0.75,"flow",0.1,"b1p","low","int","1o5",0,0.8,2.75,"nin"
"sc000241","om002","mp0120","STK1","bc",0.75,"flow",0.1,"b1p","low","int","1o5",0,0.8,4,"nin"
"sc000242","om002","mp0121","STK1","bc",0.75,"flow",0.1,"b1p","low","int","1o5",0,0.8,5.25,"nin"
"sc000243","om003","mp0001","STK1","bc",0.75,"fhigh",0.1,"b1p","low","fix","ft0",0,0,0,"fix"
"sc000244","om003","mp0002","STK1","bc",0.75,"fhigh",0.1,"b1p","low","iny","1o2",0,0,0,"nin"
"sc000245","om003","mp0003","STK1","bc",0.75,"fhigh",0.1,"b1p","low","iny","1o2",0,0.2,0.2,"nin"
"sc000246","om003","mp0004","STK1","bc",0.75,"fhigh",0.1,"b1p","low","iny","1o2",0,0.2,0.25,"nin"
"sc000247","om003","mp0005","STK1","bc",0.75,"fhigh",0.1,"b1p","low","iny","1o2",0,0.5,0.5,"nin"
"sc000248","om003","mp0006","STK1","bc",0.75,"fhigh",0.1,"b1p","low","iny","1o2",0,0.5,1,"nin"
"sc000249","om003","mp0007","STK1","bc",0.75,"fhigh",0.1,"b1p","low","iny","1o2",0,0.5,1.5,"nin"
"sc000250","om003","mp0008","STK1","bc",0.75,"fhigh",0.1,"b1p","low","iny","1o2",0,0.8,0.8,"nin"
"sc000251","om003","mp0009","STK1","bc",0.75,"fhigh",0.1,"b1p","low","iny","1o2",0,0.8,2.75,"nin"
"sc000252","om003","mp0010","STK1","bc",0.75,"fhigh",0.1,"b1p","low","iny","1o2",0,0.8,4,"nin"
"sc000253","om003","mp0011","STK1","bc",0.75,"fhigh",0.1,"b1p","low","iny","1o2",0,0.8,5.25,"nin"
"sc000254","om003","mp0012","STK1","bc",0.75,"fhigh",0.1,"b1p","low","iny","1o3",0,0,0,"nin"
"sc000255","om003","mp0013","STK1","bc",0.75,"fhigh",0.1,"b1p","low","iny","1o3",0,0.2,0.2,"nin"
"sc000256","om003","mp0014","STK1","bc",0.75,"fhigh",0.1,"b1p","low","iny","1o3",0,0.2,0.25,"nin"
"sc000257","om003","mp0015","STK1","bc",0.75,"fhigh",0.1,"b1p","low","iny","1o3",0,0.5,0.5,"nin"
"sc000258","om003","mp0016","STK1","bc",0.75,"fhigh",0.1,"b1p","low","iny","1o3",0,0.5,1,"nin"
"sc000259","om003","mp0017","STK1","bc",0.75,"fhigh",0.1,"b1p","low","iny","1o3",0,0.5,1.5,"nin"
"sc000260","om003","mp0018","STK1","bc",0.75,"fhigh",0.1,"b1p","low","iny","1o3",0,0.8,0.8,"nin"
"sc000261","om003","mp0019","STK1","bc",0.75,"fhigh",0.1,"b1p","low","iny","1o3",0,0.8,2.75,"nin"
"sc000262","om003","mp0020","STK1","bc",0.75,"fhigh",0.1,"b1p","low","iny","1o3",0,0.8,4,"nin"
"sc000263","om003","mp0021","STK1","bc",0.75,"fhigh",0.1,"b1p","low","iny","1o3",0,0.8,5.25,"nin"
"sc000264","om003","mp0022","STK1","bc",0.75,"fhigh",0.1,"b1p","low","iny","2o3",0,0,0,"nin"
"sc000265","om003","mp0023","STK1","bc",0.75,"fhigh",0.1,"b1p","low","iny","2o3",0,0.2,0.2,"nin"
"sc000266","om003","mp0024","STK1","bc",0.75,"fhigh",0.1,"b1p","low","iny","2o3",0,0.2,0.25,"nin"
"sc000267","om003","mp0025","STK1","bc",0.75,"fhigh",0.1,"b1p","low","iny","2o3",0,0.5,0.5,"nin"
"sc000268","om003","mp0026","STK1","bc",0.75,"fhigh",0.1,"b1p","low","iny","2o3",0,0.5,1,"nin"
"sc000269","om003","mp0027","STK1","bc",0.75,"fhigh",0.1,"b1p","low","iny","2o3",0,0.5,1.5,"nin"
"sc000270","om003","mp0028","STK1","bc",0.75,"fhigh",0.1,"b1p","low","iny","2o3",0,0.8,0.8,"nin"
"sc000271","om003","mp0029","STK1","bc",0.75,"fhigh",0.1,"b1p","low","iny","2o3",0,0.8,2.75,"nin"
"sc000272","om003","mp0030","STK1","bc",0.75,"fhigh",0.1,"b1p","low","iny","2o3",0,0.8,4,"nin"
"sc000273","om003","mp0031","STK1","bc",0.75,"fhigh",0.1,"b1p","low","iny","2o3",0,0.8,5.25,"nin"
"sc000274","om003","mp0032","STK1","bc",0.75,"fhigh",0.1,"b1p","low","iny","1o5",0,0,0,"nin"
"sc000275","om003","mp0033","STK1","bc",0.75,"fhigh",0.1,"b1p","low","iny","1o5",0,0.2,0.2,"nin"
"sc000276","om003","mp0034","STK1","bc",0.75,"fhigh",0.1,"b1p","low","iny","1o5",0,0.2,0.25,"nin"
"sc000277","om003","mp0035","STK1","bc",0.75,"fhigh",0.1,"b1p","low","iny","1o5",0,0.5,0.5,"nin"
"sc000278","om003","mp0036","STK1","bc",0.75,"fhigh",0.1,"b1p","low","iny","1o5",0,0.5,1,"nin"
"sc000279","om003","mp0037","STK1","bc",0.75,"fhigh",0.1,"b1p","low","iny","1o5",0,0.5,1.5,"nin"
"sc000280","om003","mp0038","STK1","bc",0.75,"fhigh",0.1,"b1p","low","iny","1o5",0,0.8,0.8,"nin"
"sc000281","om003","mp0039","STK1","bc",0.75,"fhigh",0.1,"b1p","low","iny","1o5",0,0.8,2.75,"nin"
"sc000282","om003","mp0040","STK1","bc",0.75,"fhigh",0.1,"b1p","low","iny","1o5",0,0.8,4,"nin"
"sc000283","om003","mp0041","STK1","bc",0.75,"fhigh",0.1,"b1p","low","iny","1o5",0,0.8,5.25,"nin"
"sc000284","om003","mp0042","STK1","bc",0.75,"fhigh",0.1,"b1p","low","fpa","1o2",0,0,0,"nin"
"sc000285","om003","mp0043","STK1","bc",0.75,"fhigh",0.1,"b1p","low","fpa","1o2",0,0.2,0.2,"nin"
"sc000286","om003","mp0044","STK1","bc",0.75,"fhigh",0.1,"b1p","low","fpa","1o2",0,0.2,0.25,"nin"
"sc000287","om003","mp0045","STK1","bc",0.75,"fhigh",0.1,"b1p","low","fpa","1o2",0,0.5,0.5,"nin"
"sc000288","om003","mp0046","STK1","bc",0.75,"fhigh",0.1,"b1p","low","fpa","1o2",0,0.5,1,"nin"
"sc000289","om003","mp0047","STK1","bc",0.75,"fhigh",0.1,"b1p","low","fpa","1o2",0,0.5,1.5,"nin"
"sc000290","om003","mp0048","STK1","bc",0.75,"fhigh",0.1,"b1p","low","fpa","1o2",0,0.8,0.8,"nin"
"sc000291","om003","mp0049","STK1","bc",0.75,"fhigh",0.1,"b1p","low","fpa","1o2",0,0.8,2.75,"nin"
"sc000292","om003","mp0050","STK1","bc",0.75,"fhigh",0.1,"b1p","low","fpa","1o2",0,0.8,4,"nin"
"sc000293","om003","mp0051","STK1","bc",0.75,"fhigh",0.1,"b1p","low","fpa","1o2",0,0.8,5.25,"nin"
"sc000294","om003","mp0052","STK1","bc",0.75,"fhigh",0.1,"b1p","low","fpa","1o3",0,0,0,"nin"
"sc000295","om003","mp0053","STK1","bc",0.75,"fhigh",0.1,"b1p","low","fpa","1o3",0,0.2,0.2,"nin"
"sc000296","om003","mp0054","STK1","bc",0.75,"fhigh",0.1,"b1p","low","fpa","1o3",0,0.2,0.25,"nin"
"sc000297","om003","mp0055","STK1","bc",0.75,"fhigh",0.1,"b1p","low","fpa","1o3",0,0.5,0.5,"nin"
"sc000298","om003","mp0056","STK1","bc",0.75,"fhigh",0.1,"b1p","low","fpa","1o3",0,0.5,1,"nin"
"sc000299","om003","mp0057","STK1","bc",0.75,"fhigh",0.1,"b1p","low","fpa","1o3",0,0.5,1.5,"nin"
"sc000300","om003","mp0058","STK1","bc",0.75,"fhigh",0.1,"b1p","low","fpa","1o3",0,0.8,0.8,"nin"
"sc000301","om003","mp0059","STK1","bc",0.75,"fhigh",0.1,"b1p","low","fpa","1o3",0,0.8,2.75,"nin"
"sc000302","om003","mp0060","STK1","bc",0.75,"fhigh",0.1,"b1p","low","fpa","1o3",0,0.8,4,"nin"
"sc000303","om003","mp0061","STK1","bc",0.75,"fhigh",0.1,"b1p","low","fpa","1o3",0,0.8,5.25,"nin"
"sc000304","om003","mp0062","STK1","bc",0.75,"fhigh",0.1,"b1p","low","fpa","2o3",0,0,0,"nin"
"sc000305","om003","mp0063","STK1","bc",0.75,"fhigh",0.1,"b1p","low","fpa","2o3",0,0.2,0.2,"nin"
"sc000306","om003","mp0064","STK1","bc",0.75,"fhigh",0.1,"b1p","low","fpa","2o3",0,0.2,0.25,"nin"
"sc000307","om003","mp0065","STK1","bc",0.75,"fhigh",0.1,"b1p","low","fpa","2o3",0,0.5,0.5,"nin"
"sc000308","om003","mp0066","STK1","bc",0.75,"fhigh",0.1,"b1p","low","fpa","2o3",0,0.5,1,"nin"
"sc000309","om003","mp0067","STK1","bc",0.75,"fhigh",0.1,"b1p","low","fpa","2o3",0,0.5,1.5,"nin"
"sc000310","om003","mp0068","STK1","bc",0.75,"fhigh",0.1,"b1p","low","fpa","2o3",0,0.8,0.8,"nin"
"sc000311","om003","mp0069","STK1","bc",0.75,"fhigh",0.1,"b1p","low","fpa","2o3",0,0.8,2.75,"nin"
"sc000312","om003","mp0070","STK1","bc",0.75,"fhigh",0.1,"b1p","low","fpa","2o3",0,0.8,4,"nin"
"sc000313","om003","mp0071","STK1","bc",0.75,"fhigh",0.1,"b1p","low","fpa","2o3",0,0.8,5.25,"nin"
"sc000314","om003","mp0072","STK1","bc",0.75,"fhigh",0.1,"b1p","low","fpa","1o5",0,0,0,"nin"
"sc000315","om003","mp0073","STK1","bc",0.75,"fhigh",0.1,"b1p","low","fpa","1o5",0,0.2,0.2,"nin"
"sc000316","om003","mp0074","STK1","bc",0.75,"fhigh",0.1,"b1p","low","fpa","1o5",0,0.2,0.25,"nin"
"sc000317","om003","mp0075","STK1","bc",0.75,"fhigh",0.1,"b1p","low","fpa","1o5",0,0.5,0.5,"nin"
"sc000318","om003","mp0076","STK1","bc",0.75,"fhigh",0.1,"b1p","low","fpa","1o5",0,0.5,1,"nin"
"sc000319","om003","mp0077","STK1","bc",0.75,"fhigh",0.1,"b1p","low","fpa","1o5",0,0.5,1.5,"nin"
"sc000320","om003","mp0078","STK1","bc",0.75,"fhigh",0.1,"b1p","low","fpa","1o5",0,0.8,0.8,"nin"
"sc000321","om003","mp0079","STK1","bc",0.75,"fhigh",0.1,"b1p","low","fpa","1o5",0,0.8,2.75,"nin"
"sc000322","om003","mp0080","STK1","bc",0.75,"fhigh",0.1,"b1p","low","fpa","1o5",0,0.8,4,"nin"
"sc000323","om003","mp0081","STK1","bc",0.75,"fhigh",0.1,"b1p","low","fpa","1o5",0,0.8,5.25,"nin"
"sc000324","om003","mp0082","STK1","bc",0.75,"fhigh",0.1,"b1p","low","int","1o2",0,0,0,"nin"
"sc000325","om003","mp0083","STK1","bc",0.75,"fhigh",0.1,"b1p","low","int","1o2",0,0.2,0.2,"nin"
"sc000326","om003","mp0084","STK1","bc",0.75,"fhigh",0.1,"b1p","low","int","1o2",0,0.2,0.25,"nin"
"sc000327","om003","mp0085","STK1","bc",0.75,"fhigh",0.1,"b1p","low","int","1o2",0,0.5,0.5,"nin"
"sc000328","om003","mp0086","STK1","bc",0.75,"fhigh",0.1,"b1p","low","int","1o2",0,0.5,1,"nin"
"sc000329","om003","mp0087","STK1","bc",0.75,"fhigh",0.1,"b1p","low","int","1o2",0,0.5,1.5,"nin"
"sc000330","om003","mp0088","STK1","bc",0.75,"fhigh",0.1,"b1p","low","int","1o2",0,0.8,0.8,"nin"
"sc000331","om003","mp0089","STK1","bc",0.75,"fhigh",0.1,"b1p","low","int","1o2",0,0.8,2.75,"nin"
"sc000332","om003","mp0090","STK1","bc",0.75,"fhigh",0.1,"b1p","low","int","1o2",0,0.8,4,"nin"
"sc000333","om003","mp0091","STK1","bc",0.75,"fhigh",0.1,"b1p","low","int","1o2",0,0.8,5.25,"nin"
"sc000334","om003","mp0092","STK1","bc",0.75,"fhigh",0.1,"b1p","low","int","1o3",0,0,0,"nin"
"sc000335","om003","mp0093","STK1","bc",0.75,"fhigh",0.1,"b1p","low","int","1o3",0,0.2,0.2,"nin"
"sc000336","om003","mp0094","STK1","bc",0.75,"fhigh",0.1,"b1p","low","int","1o3",0,0.2,0.25,"nin"
"sc000337","om003","mp0095","STK1","bc",0.75,"fhigh",0.1,"b1p","low","int","1o3",0,0.5,0.5,"nin"
"sc000338","om003","mp0096","STK1","bc",0.75,"fhigh",0.1,"b1p","low","int","1o3",0,0.5,1,"nin"
"sc000339","om003","mp0097","STK1","bc",0.75,"fhigh",0.1,"b1p","low","int","1o3",0,0.5,1.5,"nin"
"sc000340","om003","mp0098","STK1","bc",0.75,"fhigh",0.1,"b1p","low","int","1o3",0,0.8,0.8,"nin"
"sc000341","om003","mp0099","STK1","bc",0.75,"fhigh",0.1,"b1p","low","int","1o3",0,0.8,2.75,"nin"
"sc000342","om003","mp0100","STK1","bc",0.75,"fhigh",0.1,"b1p","low","int","1o3",0,0.8,4,"nin"
"sc000343","om003","mp0101","STK1","bc",0.75,"fhigh",0.1,"b1p","low","int","1o3",0,0.8,5.25,"nin"
"sc000344","om003","mp0102","STK1","bc",0.75,"fhigh",0.1,"b1p","low","int","2o3",0,0,0,"nin"
"sc000345","om003","mp0103","STK1","bc",0.75,"fhigh",0.1,"b1p","low","int","2o3",0,0.2,0.2,"nin"
"sc000346","om003","mp0104","STK1","bc",0.75,"fhigh",0.1,"b1p","low","int","2o3",0,0.2,0.25,"nin"
"sc000347","om003","mp0105","STK1","bc",0.75,"fhigh",0.1,"b1p","low","int","2o3",0,0.5,0.5,"nin"
"sc000348","om003","mp0106","STK1","bc",0.75,"fhigh",0.1,"b1p","low","int","2o3",0,0.5,1,"nin"
"sc000349","om003","mp0107","STK1","bc",0.75,"fhigh",0.1,"b1p","low","int","2o3",0,0.5,1.5,"nin"
"sc000350","om003","mp0108","STK1","bc",0.75,"fhigh",0.1,"b1p","low","int","2o3",0,0.8,0.8,"nin"
"sc000351","om003","mp0109","STK1","bc",0.75,"fhigh",0.1,"b1p","low","int","2o3",0,0.8,2.75,"nin"
"sc000352","om003","mp0110","STK1","bc",0.75,"fhigh",0.1,"b1p","low","int","2o3",0,0.8,4,"nin"
"sc000353","om003","mp0111","STK1","bc",0.75,"fhigh",0.1,"b1p","low","int","2o3",0,0.8,5.25,"nin"
"sc000354","om003","mp0112","STK1","bc",0.75,"fhigh",0.1,"b1p","low","int","1o5",0,0,0,"nin"
"sc000355","om003","mp0113","STK1","bc",0.75,"fhigh",0.1,"b1p","low","int","1o5",0,0.2,0.2,"nin"
"sc000356","om003","mp0114","STK1","bc",0.75,"fhigh",0.1,"b1p","low","int","1o5",0,0.2,0.25,"nin"
"sc000357","om003","mp0115","STK1","bc",0.75,"fhigh",0.1,"b1p","low","int","1o5",0,0.5,0.5,"nin"
"sc000358","om003","mp0116","STK1","bc",0.75,"fhigh",0.1,"b1p","low","int","1o5",0,0.5,1,"nin"
"sc000359","om003","mp0117","STK1","bc",0.75,"fhigh",0.1,"b1p","low","int","1o5",0,0.5,1.5,"nin"
"sc000360","om003","mp0118","STK1","bc",0.75,"fhigh",0.1,"b1p","low","int","1o5",0,0.8,0.8,"nin"
"sc000361","om003","mp0119","STK1","bc",0.75,"fhigh",0.1,"b1p","low","int","1o5",0,0.8,2.75,"nin"
"sc000362","om003","mp0120","STK1","bc",0.75,"fhigh",0.1,"b1p","low","int","1o5",0,0.8,4,"nin"
"sc000363","om003","mp0121","STK1","bc",0.75,"fhigh",0.1,"b1p","low","int","1o5",0,0.8,5.25,"nin"
"sc000364","om004","mp0001","STK2","bc",0.75,"fopt",0.1,"b1p","low","fix","ft0",0,0,0,"fix"
"sc000365","om004","mp0002","STK2","bc",0.75,"fopt",0.1,"b1p","low","iny","1o2",0,0,0,"nin"
"sc000366","om004","mp0003","STK2","bc",0.75,"fopt",0.1,"b1p","low","iny","1o2",0,0.2,0.2,"nin"
"sc000367","om004","mp0004","STK2","bc",0.75,"fopt",0.1,"b1p","low","iny","1o2",0,0.2,0.25,"nin"
"sc000368","om004","mp0005","STK2","bc",0.75,"fopt",0.1,"b1p","low","iny","1o2",0,0.5,0.5,"nin"
"sc000369","om004","mp0006","STK2","bc",0.75,"fopt",0.1,"b1p","low","iny","1o2",0,0.5,1,"nin"
"sc000370","om004","mp0007","STK2","bc",0.75,"fopt",0.1,"b1p","low","iny","1o2",0,0.5,1.5,"nin"
"sc000371","om004","mp0008","STK2","bc",0.75,"fopt",0.1,"b1p","low","iny","1o2",0,0.8,0.8,"nin"
"sc000372","om004","mp0009","STK2","bc",0.75,"fopt",0.1,"b1p","low","iny","1o2",0,0.8,2.75,"nin"
"sc000373","om004","mp0010","STK2","bc",0.75,"fopt",0.1,"b1p","low","iny","1o2",0,0.8,4,"nin"
"sc000374","om004","mp0011","STK2","bc",0.75,"fopt",0.1,"b1p","low","iny","1o2",0,0.8,5.25,"nin"
"sc000375","om004","mp0012","STK2","bc",0.75,"fopt",0.1,"b1p","low","iny","1o3",0,0,0,"nin"
"sc000376","om004","mp0013","STK2","bc",0.75,"fopt",0.1,"b1p","low","iny","1o3",0,0.2,0.2,"nin"
"sc000377","om004","mp0014","STK2","bc",0.75,"fopt",0.1,"b1p","low","iny","1o3",0,0.2,0.25,"nin"
"sc000378","om004","mp0015","STK2","bc",0.75,"fopt",0.1,"b1p","low","iny","1o3",0,0.5,0.5,"nin"
"sc000379","om004","mp0016","STK2","bc",0.75,"fopt",0.1,"b1p","low","iny","1o3",0,0.5,1,"nin"
"sc000380","om004","mp0017","STK2","bc",0.75,"fopt",0.1,"b1p","low","iny","1o3",0,0.5,1.5,"nin"
"sc000381","om004","mp0018","STK2","bc",0.75,"fopt",0.1,"b1p","low","iny","1o3",0,0.8,0.8,"nin"
"sc000382","om004","mp0019","STK2","bc",0.75,"fopt",0.1,"b1p","low","iny","1o3",0,0.8,2.75,"nin"
"sc000383","om004","mp0020","STK2","bc",0.75,"fopt",0.1,"b1p","low","iny","1o3",0,0.8,4,"nin"
"sc000384","om004","mp0021","STK2","bc",0.75,"fopt",0.1,"b1p","low","iny","1o3",0,0.8,5.25,"nin"
"sc000385","om004","mp0022","STK2","bc",0.75,"fopt",0.1,"b1p","low","iny","2o3",0,0,0,"nin"
"sc000386","om004","mp0023","STK2","bc",0.75,"fopt",0.1,"b1p","low","iny","2o3",0,0.2,0.2,"nin"
"sc000387","om004","mp0024","STK2","bc",0.75,"fopt",0.1,"b1p","low","iny","2o3",0,0.2,0.25,"nin"
"sc000388","om004","mp0025","STK2","bc",0.75,"fopt",0.1,"b1p","low","iny","2o3",0,0.5,0.5,"nin"
"sc000389","om004","mp0026","STK2","bc",0.75,"fopt",0.1,"b1p","low","iny","2o3",0,0.5,1,"nin"
"sc000390","om004","mp0027","STK2","bc",0.75,"fopt",0.1,"b1p","low","iny","2o3",0,0.5,1.5,"nin"
"sc000391","om004","mp0028","STK2","bc",0.75,"fopt",0.1,"b1p","low","iny","2o3",0,0.8,0.8,"nin"
"sc000392","om004","mp0029","STK2","bc",0.75,"fopt",0.1,"b1p","low","iny","2o3",0,0.8,2.75,"nin"
"sc000393","om004","mp0030","STK2","bc",0.75,"fopt",0.1,"b1p","low","iny","2o3",0,0.8,4,"nin"
"sc000394","om004","mp0031","STK2","bc",0.75,"fopt",0.1,"b1p","low","iny","2o3",0,0.8,5.25,"nin"
"sc000395","om004","mp0032","STK2","bc",0.75,"fopt",0.1,"b1p","low","iny","1o5",0,0,0,"nin"
"sc000396","om004","mp0033","STK2","bc",0.75,"fopt",0.1,"b1p","low","iny","1o5",0,0.2,0.2,"nin"
"sc000397","om004","mp0034","STK2","bc",0.75,"fopt",0.1,"b1p","low","iny","1o5",0,0.2,0.25,"nin"
"sc000398","om004","mp0035","STK2","bc",0.75,"fopt",0.1,"b1p","low","iny","1o5",0,0.5,0.5,"nin"
"sc000399","om004","mp0036","STK2","bc",0.75,"fopt",0.1,"b1p","low","iny","1o5",0,0.5,1,"nin"
"sc000400","om004","mp0037","STK2","bc",0.75,"fopt",0.1,"b1p","low","iny","1o5",0,0.5,1.5,"nin"
"sc000401","om004","mp0038","STK2","bc",0.75,"fopt",0.1,"b1p","low","iny","1o5",0,0.8,0.8,"nin"
"sc000402","om004","mp0039","STK2","bc",0.75,"fopt",0.1,"b1p","low","iny","1o5",0,0.8,2.75,"nin"
"sc000403","om004","mp0040","STK2","bc",0.75,"fopt",0.1,"b1p","low","iny","1o5",0,0.8,4,"nin"
"sc000404","om004","mp0041","STK2","bc",0.75,"fopt",0.1,"b1p","low","iny","1o5",0,0.8,5.25,"nin"
"sc000405","om004","mp0042","STK2","bc",0.75,"fopt",0.1,"b1p","low","fpa","1o2",0,0,0,"nin"
"sc000406","om004","mp0043","STK2","bc",0.75,"fopt",0.1,"b1p","low","fpa","1o2",0,0.2,0.2,"nin"
"sc000407","om004","mp0044","STK2","bc",0.75,"fopt",0.1,"b1p","low","fpa","1o2",0,0.2,0.25,"nin"
"sc000408","om004","mp0045","STK2","bc",0.75,"fopt",0.1,"b1p","low","fpa","1o2",0,0.5,0.5,"nin"
"sc000409","om004","mp0046","STK2","bc",0.75,"fopt",0.1,"b1p","low","fpa","1o2",0,0.5,1,"nin"
"sc000410","om004","mp0047","STK2","bc",0.75,"fopt",0.1,"b1p","low","fpa","1o2",0,0.5,1.5,"nin"
"sc000411","om004","mp0048","STK2","bc",0.75,"fopt",0.1,"b1p","low","fpa","1o2",0,0.8,0.8,"nin"
"sc000412","om004","mp0049","STK2","bc",0.75,"fopt",0.1,"b1p","low","fpa","1o2",0,0.8,2.75,"nin"
"sc000413","om004","mp0050","STK2","bc",0.75,"fopt",0.1,"b1p","low","fpa","1o2",0,0.8,4,"nin"
"sc000414","om004","mp0051","STK2","bc",0.75,"fopt",0.1,"b1p","low","fpa","1o2",0,0.8,5.25,"nin"
"sc000415","om004","mp0052","STK2","bc",0.75,"fopt",0.1,"b1p","low","fpa","1o3",0,0,0,"nin"
"sc000416","om004","mp0053","STK2","bc",0.75,"fopt",0.1,"b1p","low","fpa","1o3",0,0.2,0.2,"nin"
"sc000417","om004","mp0054","STK2","bc",0.75,"fopt",0.1,"b1p","low","fpa","1o3",0,0.2,0.25,"nin"
"sc000418","om004","mp0055","STK2","bc",0.75,"fopt",0.1,"b1p","low","fpa","1o3",0,0.5,0.5,"nin"
"sc000419","om004","mp0056","STK2","bc",0.75,"fopt",0.1,"b1p","low","fpa","1o3",0,0.5,1,"nin"
"sc000420","om004","mp0057","STK2","bc",0.75,"fopt",0.1,"b1p","low","fpa","1o3",0,0.5,1.5,"nin"
"sc000421","om004","mp0058","STK2","bc",0.75,"fopt",0.1,"b1p","low","fpa","1o3",0,0.8,0.8,"nin"
"sc000422","om004","mp0059","STK2","bc",0.75,"fopt",0.1,"b1p","low","fpa","1o3",0,0.8,2.75,"nin"
"sc000423","om004","mp0060","STK2","bc",0.75,"fopt",0.1,"b1p","low","fpa","1o3",0,0.8,4,"nin"
"sc000424","om004","mp0061","STK2","bc",0.75,"fopt",0.1,"b1p","low","fpa","1o3",0,0.8,5.25,"nin"
"sc000425","om004","mp0062","STK2","bc",0.75,"fopt",0.1,"b1p","low","fpa","2o3",0,0,0,"nin"
"sc000426","om004","mp0063","STK2","bc",0.75,"fopt",0.1,"b1p","low","fpa","2o3",0,0.2,0.2,"nin"
"sc000427","om004","mp0064","STK2","bc",0.75,"fopt",0.1,"b1p","low","fpa","2o3",0,0.2,0.25,"nin"
"sc000428","om004","mp0065","STK2","bc",0.75,"fopt",0.1,"b1p","low","fpa","2o3",0,0.5,0.5,"nin"
"sc000429","om004","mp0066","STK2","bc",0.75,"fopt",0.1,"b1p","low","fpa","2o3",0,0.5,1,"nin"
"sc000430","om004","mp0067","STK2","bc",0.75,"fopt",0.1,"b1p","low","fpa","2o3",0,0.5,1.5,"nin"
"sc000431","om004","mp0068","STK2","bc",0.75,"fopt",0.1,"b1p","low","fpa","2o3",0,0.8,0.8,"nin"
"sc000432","om004","mp0069","STK2","bc",0.75,"fopt",0.1,"b1p","low","fpa","2o3",0,0.8,2.75,"nin"
"sc000433","om004","mp0070","STK2","bc",0.75,"fopt",0.1,"b1p","low","fpa","2o3",0,0.8,4,"nin"
"sc000434","om004","mp0071","STK2","bc",0.75,"fopt",0.1,"b1p","low","fpa","2o3",0,0.8,5.25,"nin"
"sc000435","om004","mp0072","STK2","bc",0.75,"fopt",0.1,"b1p","low","fpa","1o5",0,0,0,"nin"
"sc000436","om004","mp0073","STK2","bc",0.75,"fopt",0.1,"b1p","low","fpa","1o5",0,0.2,0.2,"nin"
"sc000437","om004","mp0074","STK2","bc",0.75,"fopt",0.1,"b1p","low","fpa","1o5",0,0.2,0.25,"nin"
"sc000438","om004","mp0075","STK2","bc",0.75,"fopt",0.1,"b1p","low","fpa","1o5",0,0.5,0.5,"nin"
"sc000439","om004","mp0076","STK2","bc",0.75,"fopt",0.1,"b1p","low","fpa","1o5",0,0.5,1,"nin"
"sc000440","om004","mp0077","STK2","bc",0.75,"fopt",0.1,"b1p","low","fpa","1o5",0,0.5,1.5,"nin"
"sc000441","om004","mp0078","STK2","bc",0.75,"fopt",0.1,"b1p","low","fpa","1o5",0,0.8,0.8,"nin"
"sc000442","om004","mp0079","STK2","bc",0.75,"fopt",0.1,"b1p","low","fpa","1o5",0,0.8,2.75,"nin"
"sc000443","om004","mp0080","STK2","bc",0.75,"fopt",0.1,"b1p","low","fpa","1o5",0,0.8,4,"nin"
"sc000444","om004","mp0081","STK2","bc",0.75,"fopt",0.1,"b1p","low","fpa","1o5",0,0.8,5.25,"nin"
"sc000445","om004","mp0082","STK2","bc",0.75,"fopt",0.1,"b1p","low","int","1o2",0,0,0,"nin"
"sc000446","om004","mp0083","STK2","bc",0.75,"fopt",0.1,"b1p","low","int","1o2",0,0.2,0.2,"nin"
"sc000447","om004","mp0084","STK2","bc",0.75,"fopt",0.1,"b1p","low","int","1o2",0,0.2,0.25,"nin"
"sc000448","om004","mp0085","STK2","bc",0.75,"fopt",0.1,"b1p","low","int","1o2",0,0.5,0.5,"nin"
"sc000449","om004","mp0086","STK2","bc",0.75,"fopt",0.1,"b1p","low","int","1o2",0,0.5,1,"nin"
"sc000450","om004","mp0087","STK2","bc",0.75,"fopt",0.1,"b1p","low","int","1o2",0,0.5,1.5,"nin"
"sc000451","om004","mp0088","STK2","bc",0.75,"fopt",0.1,"b1p","low","int","1o2",0,0.8,0.8,"nin"
"sc000452","om004","mp0089","STK2","bc",0.75,"fopt",0.1,"b1p","low","int","1o2",0,0.8,2.75,"nin"
"sc000453","om004","mp0090","STK2","bc",0.75,"fopt",0.1,"b1p","low","int","1o2",0,0.8,4,"nin"
"sc000454","om004","mp0091","STK2","bc",0.75,"fopt",0.1,"b1p","low","int","1o2",0,0.8,5.25,"nin"
"sc000455","om004","mp0092","STK2","bc",0.75,"fopt",0.1,"b1p","low","int","1o3",0,0,0,"nin"
"sc000456","om004","mp0093","STK2","bc",0.75,"fopt",0.1,"b1p","low","int","1o3",0,0.2,0.2,"nin"
"sc000457","om004","mp0094","STK2","bc",0.75,"fopt",0.1,"b1p","low","int","1o3",0,0.2,0.25,"nin"
"sc000458","om004","mp0095","STK2","bc",0.75,"fopt",0.1,"b1p","low","int","1o3",0,0.5,0.5,"nin"
"sc000459","om004","mp0096","STK2","bc",0.75,"fopt",0.1,"b1p","low","int","1o3",0,0.5,1,"nin"
"sc000460","om004","mp0097","STK2","bc",0.75,"fopt",0.1,"b1p","low","int","1o3",0,0.5,1.5,"nin"
"sc000461","om004","mp0098","STK2","bc",0.75,"fopt",0.1,"b1p","low","int","1o3",0,0.8,0.8,"nin"
"sc000462","om004","mp0099","STK2","bc",0.75,"fopt",0.1,"b1p","low","int","1o3",0,0.8,2.75,"nin"
"sc000463","om004","mp0100","STK2","bc",0.75,"fopt",0.1,"b1p","low","int","1o3",0,0.8,4,"nin"
"sc000464","om004","mp0101","STK2","bc",0.75,"fopt",0.1,"b1p","low","int","1o3",0,0.8,5.25,"nin"
"sc000465","om004","mp0102","STK2","bc",0.75,"fopt",0.1,"b1p","low","int","2o3",0,0,0,"nin"
"sc000466","om004","mp0103","STK2","bc",0.75,"fopt",0.1,"b1p","low","int","2o3",0,0.2,0.2,"nin"
"sc000467","om004","mp0104","STK2","bc",0.75,"fopt",0.1,"b1p","low","int","2o3",0,0.2,0.25,"nin"
"sc000468","om004","mp0105","STK2","bc",0.75,"fopt",0.1,"b1p","low","int","2o3",0,0.5,0.5,"nin"
"sc000469","om004","mp0106","STK2","bc",0.75,"fopt",0.1,"b1p","low","int","2o3",0,0.5,1,"nin"
"sc000470","om004","mp0107","STK2","bc",0.75,"fopt",0.1,"b1p","low","int","2o3",0,0.5,1.5,"nin"
"sc000471","om004","mp0108","STK2","bc",0.75,"fopt",0.1,"b1p","low","int","2o3",0,0.8,0.8,"nin"
"sc000472","om004","mp0109","STK2","bc",0.75,"fopt",0.1,"b1p","low","int","2o3",0,0.8,2.75,"nin"
"sc000473","om004","mp0110","STK2","bc",0.75,"fopt",0.1,"b1p","low","int","2o3",0,0.8,4,"nin"
"sc000474","om004","mp0111","STK2","bc",0.75,"fopt",0.1,"b1p","low","int","2o3",0,0.8,5.25,"nin"
"sc000475","om004","mp0112","STK2","bc",0.75,"fopt",0.1,"b1p","low","int","1o5",0,0,0,"nin"
"sc000476","om004","mp0113","STK2","bc",0.75,"fopt",0.1,"b1p","low","int","1o5",0,0.2,0.2,"nin"
"sc000477","om004","mp0114","STK2","bc",0.75,"fopt",0.1,"b1p","low","int","1o5",0,0.2,0.25,"nin"
"sc000478","om004","mp0115","STK2","bc",0.75,"fopt",0.1,"b1p","low","int","1o5",0,0.5,0.5,"nin"
"sc000479","om004","mp0116","STK2","bc",0.75,"fopt",0.1,"b1p","low","int","1o5",0,0.5,1,"nin"
"sc000480","om004","mp0117","STK2","bc",0.75,"fopt",0.1,"b1p","low","int","1o5",0,0.5,1.5,"nin"
"sc000481","om004","mp0118","STK2","bc",0.75,"fopt",0.1,"b1p","low","int","1o5",0,0.8,0.8,"nin"
"sc000482","om004","mp0119","STK2","bc",0.75,"fopt",0.1,"b1p","low","int","1o5",0,0.8,2.75,"nin"
"sc000483","om004","mp0120","STK2","bc",0.75,"fopt",0.1,"b1p","low","int","1o5",0,0.8,4,"nin"
"sc000484","om004","mp0121","STK2","bc",0.75,"fopt",0.1,"b1p","low","int","1o5",0,0.8,5.25,"nin"
"sc000485","om005","mp0001","STK2","bc",0.75,"flow",0.1,"b1p","low","fix","ft0",0,0,0,"fix"
"sc000486","om005","mp0002","STK2","bc",0.75,"flow",0.1,"b1p","low","iny","1o2",0,0,0,"nin"
"sc000487","om005","mp0003","STK2","bc",0.75,"flow",0.1,"b1p","low","iny","1o2",0,0.2,0.2,"nin"
"sc000488","om005","mp0004","STK2","bc",0.75,"flow",0.1,"b1p","low","iny","1o2",0,0.2,0.25,"nin"
"sc000489","om005","mp0005","STK2","bc",0.75,"flow",0.1,"b1p","low","iny","1o2",0,0.5,0.5,"nin"
"sc000490","om005","mp0006","STK2","bc",0.75,"flow",0.1,"b1p","low","iny","1o2",0,0.5,1,"nin"
"sc000491","om005","mp0007","STK2","bc",0.75,"flow",0.1,"b1p","low","iny","1o2",0,0.5,1.5,"nin"
"sc000492","om005","mp0008","STK2","bc",0.75,"flow",0.1,"b1p","low","iny","1o2",0,0.8,0.8,"nin"
"sc000493","om005","mp0009","STK2","bc",0.75,"flow",0.1,"b1p","low","iny","1o2",0,0.8,2.75,"nin"
"sc000494","om005","mp0010","STK2","bc",0.75,"flow",0.1,"b1p","low","iny","1o2",0,0.8,4,"nin"
"sc000495","om005","mp0011","STK2","bc",0.75,"flow",0.1,"b1p","low","iny","1o2",0,0.8,5.25,"nin"
"sc000496","om005","mp0012","STK2","bc",0.75,"flow",0.1,"b1p","low","iny","1o3",0,0,0,"nin"
"sc000497","om005","mp0013","STK2","bc",0.75,"flow",0.1,"b1p","low","iny","1o3",0,0.2,0.2,"nin"
"sc000498","om005","mp0014","STK2","bc",0.75,"flow",0.1,"b1p","low","iny","1o3",0,0.2,0.25,"nin"
"sc000499","om005","mp0015","STK2","bc",0.75,"flow",0.1,"b1p","low","iny","1o3",0,0.5,0.5,"nin"
"sc000500","om005","mp0016","STK2","bc",0.75,"flow",0.1,"b1p","low","iny","1o3",0,0.5,1,"nin"
"sc000501","om005","mp0017","STK2","bc",0.75,"flow",0.1,"b1p","low","iny","1o3",0,0.5,1.5,"nin"
"sc000502","om005","mp0018","STK2","bc",0.75,"flow",0.1,"b1p","low","iny","1o3",0,0.8,0.8,"nin"
"sc000503","om005","mp0019","STK2","bc",0.75,"flow",0.1,"b1p","low","iny","1o3",0,0.8,2.75,"nin"
"sc000504","om005","mp0020","STK2","bc",0.75,"flow",0.1,"b1p","low","iny","1o3",0,0.8,4,"nin"
"sc000505","om005","mp0021","STK2","bc",0.75,"flow",0.1,"b1p","low","iny","1o3",0,0.8,5.25,"nin"
"sc000506","om005","mp0022","STK2","bc",0.75,"flow",0.1,"b1p","low","iny","2o3",0,0,0,"nin"
"sc000507","om005","mp0023","STK2","bc",0.75,"flow",0.1,"b1p","low","iny","2o3",0,0.2,0.2,"nin"
"sc000508","om005","mp0024","STK2","bc",0.75,"flow",0.1,"b1p","low","iny","2o3",0,0.2,0.25,"nin"
"sc000509","om005","mp0025","STK2","bc",0.75,"flow",0.1,"b1p","low","iny","2o3",0,0.5,0.5,"nin"
"sc000510","om005","mp0026","STK2","bc",0.75,"flow",0.1,"b1p","low","iny","2o3",0,0.5,1,"nin"
"sc000511","om005","mp0027","STK2","bc",0.75,"flow",0.1,"b1p","low","iny","2o3",0,0.5,1.5,"nin"
"sc000512","om005","mp0028","STK2","bc",0.75,"flow",0.1,"b1p","low","iny","2o3",0,0.8,0.8,"nin"
"sc000513","om005","mp0029","STK2","bc",0.75,"flow",0.1,"b1p","low","iny","2o3",0,0.8,2.75,"nin"
"sc000514","om005","mp0030","STK2","bc",0.75,"flow",0.1,"b1p","low","iny","2o3",0,0.8,4,"nin"
"sc000515","om005","mp0031","STK2","bc",0.75,"flow",0.1,"b1p","low","iny","2o3",0,0.8,5.25,"nin"
"sc000516","om005","mp0032","STK2","bc",0.75,"flow",0.1,"b1p","low","iny","1o5",0,0,0,"nin"
"sc000517","om005","mp0033","STK2","bc",0.75,"flow",0.1,"b1p","low","iny","1o5",0,0.2,0.2,"nin"
"sc000518","om005","mp0034","STK2","bc",0.75,"flow",0.1,"b1p","low","iny","1o5",0,0.2,0.25,"nin"
"sc000519","om005","mp0035","STK2","bc",0.75,"flow",0.1,"b1p","low","iny","1o5",0,0.5,0.5,"nin"
"sc000520","om005","mp0036","STK2","bc",0.75,"flow",0.1,"b1p","low","iny","1o5",0,0.5,1,"nin"
"sc000521","om005","mp0037","STK2","bc",0.75,"flow",0.1,"b1p","low","iny","1o5",0,0.5,1.5,"nin"
"sc000522","om005","mp0038","STK2","bc",0.75,"flow",0.1,"b1p","low","iny","1o5",0,0.8,0.8,"nin"
"sc000523","om005","mp0039","STK2","bc",0.75,"flow",0.1,"b1p","low","iny","1o5",0,0.8,2.75,"nin"
"sc000524","om005","mp0040","STK2","bc",0.75,"flow",0.1,"b1p","low","iny","1o5",0,0.8,4,"nin"
"sc000525","om005","mp0041","STK2","bc",0.75,"flow",0.1,"b1p","low","iny","1o5",0,0.8,5.25,"nin"
"sc000526","om005","mp0042","STK2","bc",0.75,"flow",0.1,"b1p","low","fpa","1o2",0,0,0,"nin"
"sc000527","om005","mp0043","STK2","bc",0.75,"flow",0.1,"b1p","low","fpa","1o2",0,0.2,0.2,"nin"
"sc000528","om005","mp0044","STK2","bc",0.75,"flow",0.1,"b1p","low","fpa","1o2",0,0.2,0.25,"nin"
"sc000529","om005","mp0045","STK2","bc",0.75,"flow",0.1,"b1p","low","fpa","1o2",0,0.5,0.5,"nin"
"sc000530","om005","mp0046","STK2","bc",0.75,"flow",0.1,"b1p","low","fpa","1o2",0,0.5,1,"nin"
"sc000531","om005","mp0047","STK2","bc",0.75,"flow",0.1,"b1p","low","fpa","1o2",0,0.5,1.5,"nin"
"sc000532","om005","mp0048","STK2","bc",0.75,"flow",0.1,"b1p","low","fpa","1o2",0,0.8,0.8,"nin"
"sc000533","om005","mp0049","STK2","bc",0.75,"flow",0.1,"b1p","low","fpa","1o2",0,0.8,2.75,"nin"
"sc000534","om005","mp0050","STK2","bc",0.75,"flow",0.1,"b1p","low","fpa","1o2",0,0.8,4,"nin"
"sc000535","om005","mp0051","STK2","bc",0.75,"flow",0.1,"b1p","low","fpa","1o2",0,0.8,5.25,"nin"
"sc000536","om005","mp0052","STK2","bc",0.75,"flow",0.1,"b1p","low","fpa","1o3",0,0,0,"nin"
"sc000537","om005","mp0053","STK2","bc",0.75,"flow",0.1,"b1p","low","fpa","1o3",0,0.2,0.2,"nin"
"sc000538","om005","mp0054","STK2","bc",0.75,"flow",0.1,"b1p","low","fpa","1o3",0,0.2,0.25,"nin"
"sc000539","om005","mp0055","STK2","bc",0.75,"flow",0.1,"b1p","low","fpa","1o3",0,0.5,0.5,"nin"
"sc000540","om005","mp0056","STK2","bc",0.75,"flow",0.1,"b1p","low","fpa","1o3",0,0.5,1,"nin"
"sc000541","om005","mp0057","STK2","bc",0.75,"flow",0.1,"b1p","low","fpa","1o3",0,0.5,1.5,"nin"
"sc000542","om005","mp0058","STK2","bc",0.75,"flow",0.1,"b1p","low","fpa","1o3",0,0.8,0.8,"nin"
"sc000543","om005","mp0059","STK2","bc",0.75,"flow",0.1,"b1p","low","fpa","1o3",0,0.8,2.75,"nin"
"sc000544","om005","mp0060","STK2","bc",0.75,"flow",0.1,"b1p","low","fpa","1o3",0,0.8,4,"nin"
"sc000545","om005","mp0061","STK2","bc",0.75,"flow",0.1,"b1p","low","fpa","1o3",0,0.8,5.25,"nin"
"sc000546","om005","mp0062","STK2","bc",0.75,"flow",0.1,"b1p","low","fpa","2o3",0,0,0,"nin"
"sc000547","om005","mp0063","STK2","bc",0.75,"flow",0.1,"b1p","low","fpa","2o3",0,0.2,0.2,"nin"
"sc000548","om005","mp0064","STK2","bc",0.75,"flow",0.1,"b1p","low","fpa","2o3",0,0.2,0.25,"nin"
"sc000549","om005","mp0065","STK2","bc",0.75,"flow",0.1,"b1p","low","fpa","2o3",0,0.5,0.5,"nin"
"sc000550","om005","mp0066","STK2","bc",0.75,"flow",0.1,"b1p","low","fpa","2o3",0,0.5,1,"nin"
"sc000551","om005","mp0067","STK2","bc",0.75,"flow",0.1,"b1p","low","fpa","2o3",0,0.5,1.5,"nin"
"sc000552","om005","mp0068","STK2","bc",0.75,"flow",0.1,"b1p","low","fpa","2o3",0,0.8,0.8,"nin"
"sc000553","om005","mp0069","STK2","bc",0.75,"flow",0.1,"b1p","low","fpa","2o3",0,0.8,2.75,"nin"
"sc000554","om005","mp0070","STK2","bc",0.75,"flow",0.1,"b1p","low","fpa","2o3",0,0.8,4,"nin"
"sc000555","om005","mp0071","STK2","bc",0.75,"flow",0.1,"b1p","low","fpa","2o3",0,0.8,5.25,"nin"
"sc000556","om005","mp0072","STK2","bc",0.75,"flow",0.1,"b1p","low","fpa","1o5",0,0,0,"nin"
"sc000557","om005","mp0073","STK2","bc",0.75,"flow",0.1,"b1p","low","fpa","1o5",0,0.2,0.2,"nin"
"sc000558","om005","mp0074","STK2","bc",0.75,"flow",0.1,"b1p","low","fpa","1o5",0,0.2,0.25,"nin"
"sc000559","om005","mp0075","STK2","bc",0.75,"flow",0.1,"b1p","low","fpa","1o5",0,0.5,0.5,"nin"
"sc000560","om005","mp0076","STK2","bc",0.75,"flow",0.1,"b1p","low","fpa","1o5",0,0.5,1,"nin"
"sc000561","om005","mp0077","STK2","bc",0.75,"flow",0.1,"b1p","low","fpa","1o5",0,0.5,1.5,"nin"
"sc000562","om005","mp0078","STK2","bc",0.75,"flow",0.1,"b1p","low","fpa","1o5",0,0.8,0.8,"nin"
"sc000563","om005","mp0079","STK2","bc",0.75,"flow",0.1,"b1p","low","fpa","1o5",0,0.8,2.75,"nin"
"sc000564","om005","mp0080","STK2","bc",0.75,"flow",0.1,"b1p","low","fpa","1o5",0,0.8,4,"nin"
"sc000565","om005","mp0081","STK2","bc",0.75,"flow",0.1,"b1p","low","fpa","1o5",0,0.8,5.25,"nin"
"sc000566","om005","mp0082","STK2","bc",0.75,"flow",0.1,"b1p","low","int","1o2",0,0,0,"nin"
"sc000567","om005","mp0083","STK2","bc",0.75,"flow",0.1,"b1p","low","int","1o2",0,0.2,0.2,"nin"
"sc000568","om005","mp0084","STK2","bc",0.75,"flow",0.1,"b1p","low","int","1o2",0,0.2,0.25,"nin"
"sc000569","om005","mp0085","STK2","bc",0.75,"flow",0.1,"b1p","low","int","1o2",0,0.5,0.5,"nin"
"sc000570","om005","mp0086","STK2","bc",0.75,"flow",0.1,"b1p","low","int","1o2",0,0.5,1,"nin"
"sc000571","om005","mp0087","STK2","bc",0.75,"flow",0.1,"b1p","low","int","1o2",0,0.5,1.5,"nin"
"sc000572","om005","mp0088","STK2","bc",0.75,"flow",0.1,"b1p","low","int","1o2",0,0.8,0.8,"nin"
"sc000573","om005","mp0089","STK2","bc",0.75,"flow",0.1,"b1p","low","int","1o2",0,0.8,2.75,"nin"
"sc000574","om005","mp0090","STK2","bc",0.75,"flow",0.1,"b1p","low","int","1o2",0,0.8,4,"nin"
"sc000575","om005","mp0091","STK2","bc",0.75,"flow",0.1,"b1p","low","int","1o2",0,0.8,5.25,"nin"
"sc000576","om005","mp0092","STK2","bc",0.75,"flow",0.1,"b1p","low","int","1o3",0,0,0,"nin"
"sc000577","om005","mp0093","STK2","bc",0.75,"flow",0.1,"b1p","low","int","1o3",0,0.2,0.2,"nin"
"sc000578","om005","mp0094","STK2","bc",0.75,"flow",0.1,"b1p","low","int","1o3",0,0.2,0.25,"nin"
"sc000579","om005","mp0095","STK2","bc",0.75,"flow",0.1,"b1p","low","int","1o3",0,0.5,0.5,"nin"
"sc000580","om005","mp0096","STK2","bc",0.75,"flow",0.1,"b1p","low","int","1o3",0,0.5,1,"nin"
"sc000581","om005","mp0097","STK2","bc",0.75,"flow",0.1,"b1p","low","int","1o3",0,0.5,1.5,"nin"
"sc000582","om005","mp0098","STK2","bc",0.75,"flow",0.1,"b1p","low","int","1o3",0,0.8,0.8,"nin"
"sc000583","om005","mp0099","STK2","bc",0.75,"flow",0.1,"b1p","low","int","1o3",0,0.8,2.75,"nin"
"sc000584","om005","mp0100","STK2","bc",0.75,"flow",0.1,"b1p","low","int","1o3",0,0.8,4,"nin"
"sc000585","om005","mp0101","STK2","bc",0.75,"flow",0.1,"b1p","low","int","1o3",0,0.8,5.25,"nin"
"sc000586","om005","mp0102","STK2","bc",0.75,"flow",0.1,"b1p","low","int","2o3",0,0,0,"nin"
"sc000587","om005","mp0103","STK2","bc",0.75,"flow",0.1,"b1p","low","int","2o3",0,0.2,0.2,"nin"
"sc000588","om005","mp0104","STK2","bc",0.75,"flow",0.1,"b1p","low","int","2o3",0,0.2,0.25,"nin"
"sc000589","om005","mp0105","STK2","bc",0.75,"flow",0.1,"b1p","low","int","2o3",0,0.5,0.5,"nin"
"sc000590","om005","mp0106","STK2","bc",0.75,"flow",0.1,"b1p","low","int","2o3",0,0.5,1,"nin"
"sc000591","om005","mp0107","STK2","bc",0.75,"flow",0.1,"b1p","low","int","2o3",0,0.5,1.5,"nin"
"sc000592","om005","mp0108","STK2","bc",0.75,"flow",0.1,"b1p","low","int","2o3",0,0.8,0.8,"nin"
"sc000593","om005","mp0109","STK2","bc",0.75,"flow",0.1,"b1p","low","int","2o3",0,0.8,2.75,"nin"
"sc000594","om005","mp0110","STK2","bc",0.75,"flow",0.1,"b1p","low","int","2o3",0,0.8,4,"nin"
"sc000595","om005","mp0111","STK2","bc",0.75,"flow",0.1,"b1p","low","int","2o3",0,0.8,5.25,"nin"
"sc000596","om005","mp0112","STK2","bc",0.75,"flow",0.1,"b1p","low","int","1o5",0,0,0,"nin"
"sc000597","om005","mp0113","STK2","bc",0.75,"flow",0.1,"b1p","low","int","1o5",0,0.2,0.2,"nin"
"sc000598","om005","mp0114","STK2","bc",0.75,"flow",0.1,"b1p","low","int","1o5",0,0.2,0.25,"nin"
"sc000599","om005","mp0115","STK2","bc",0.75,"flow",0.1,"b1p","low","int","1o5",0,0.5,0.5,"nin"
"sc000600","om005","mp0116","STK2","bc",0.75,"flow",0.1,"b1p","low","int","1o5",0,0.5,1,"nin"
"sc000601","om005","mp0117","STK2","bc",0.75,"flow",0.1,"b1p","low","int","1o5",0,0.5,1.5,"nin"
"sc000602","om005","mp0118","STK2","bc",0.75,"flow",0.1,"b1p","low","int","1o5",0,0.8,0.8,"nin"
"sc000603","om005","mp0119","STK2","bc",0.75,"flow",0.1,"b1p","low","int","1o5",0,0.8,2.75,"nin"
"sc000604","om005","mp0120","STK2","bc",0.75,"flow",0.1,"b1p","low","int","1o5",0,0.8,4,"nin"
"sc000605","om005","mp0121","STK2","bc",0.75,"flow",0.1,"b1p","low","int","1o5",0,0.8,5.25,"nin"
"sc000606","om006","mp0001","STK2","bc",0.75,"fhigh",0.1,"b1p","low","fix","ft0",0,0,0,"fix"
"sc000607","om006","mp0002","STK2","bc",0.75,"fhigh",0.1,"b1p","low","iny","1o2",0,0,0,"nin"
"sc000608","om006","mp0003","STK2","bc",0.75,"fhigh",0.1,"b1p","low","iny","1o2",0,0.2,0.2,"nin"
"sc000609","om006","mp0004","STK2","bc",0.75,"fhigh",0.1,"b1p","low","iny","1o2",0,0.2,0.25,"nin"
"sc000610","om006","mp0005","STK2","bc",0.75,"fhigh",0.1,"b1p","low","iny","1o2",0,0.5,0.5,"nin"
"sc000611","om006","mp0006","STK2","bc",0.75,"fhigh",0.1,"b1p","low","iny","1o2",0,0.5,1,"nin"
"sc000612","om006","mp0007","STK2","bc",0.75,"fhigh",0.1,"b1p","low","iny","1o2",0,0.5,1.5,"nin"
"sc000613","om006","mp0008","STK2","bc",0.75,"fhigh",0.1,"b1p","low","iny","1o2",0,0.8,0.8,"nin"
"sc000614","om006","mp0009","STK2","bc",0.75,"fhigh",0.1,"b1p","low","iny","1o2",0,0.8,2.75,"nin"
"sc000615","om006","mp0010","STK2","bc",0.75,"fhigh",0.1,"b1p","low","iny","1o2",0,0.8,4,"nin"
"sc000616","om006","mp0011","STK2","bc",0.75,"fhigh",0.1,"b1p","low","iny","1o2",0,0.8,5.25,"nin"
"sc000617","om006","mp0012","STK2","bc",0.75,"fhigh",0.1,"b1p","low","iny","1o3",0,0,0,"nin"
"sc000618","om006","mp0013","STK2","bc",0.75,"fhigh",0.1,"b1p","low","iny","1o3",0,0.2,0.2,"nin"
"sc000619","om006","mp0014","STK2","bc",0.75,"fhigh",0.1,"b1p","low","iny","1o3",0,0.2,0.25,"nin"
"sc000620","om006","mp0015","STK2","bc",0.75,"fhigh",0.1,"b1p","low","iny","1o3",0,0.5,0.5,"nin"
"sc000621","om006","mp0016","STK2","bc",0.75,"fhigh",0.1,"b1p","low","iny","1o3",0,0.5,1,"nin"
"sc000622","om006","mp0017","STK2","bc",0.75,"fhigh",0.1,"b1p","low","iny","1o3",0,0.5,1.5,"nin"
"sc000623","om006","mp0018","STK2","bc",0.75,"fhigh",0.1,"b1p","low","iny","1o3",0,0.8,0.8,"nin"
"sc000624","om006","mp0019","STK2","bc",0.75,"fhigh",0.1,"b1p","low","iny","1o3",0,0.8,2.75,"nin"
"sc000625","om006","mp0020","STK2","bc",0.75,"fhigh",0.1,"b1p","low","iny","1o3",0,0.8,4,"nin"
"sc000626","om006","mp0021","STK2","bc",0.75,"fhigh",0.1,"b1p","low","iny","1o3",0,0.8,5.25,"nin"
"sc000627","om006","mp0022","STK2","bc",0.75,"fhigh",0.1,"b1p","low","iny","2o3",0,0,0,"nin"
"sc000628","om006","mp0023","STK2","bc",0.75,"fhigh",0.1,"b1p","low","iny","2o3",0,0.2,0.2,"nin"
"sc000629","om006","mp0024","STK2","bc",0.75,"fhigh",0.1,"b1p","low","iny","2o3",0,0.2,0.25,"nin"
"sc000630","om006","mp0025","STK2","bc",0.75,"fhigh",0.1,"b1p","low","iny","2o3",0,0.5,0.5,"nin"
"sc000631","om006","mp0026","STK2","bc",0.75,"fhigh",0.1,"b1p","low","iny","2o3",0,0.5,1,"nin"
"sc000632","om006","mp0027","STK2","bc",0.75,"fhigh",0.1,"b1p","low","iny","2o3",0,0.5,1.5,"nin"
"sc000633","om006","mp0028","STK2","bc",0.75,"fhigh",0.1,"b1p","low","iny","2o3",0,0.8,0.8,"nin"
"sc000634","om006","mp0029","STK2","bc",0.75,"fhigh",0.1,"b1p","low","iny","2o3",0,0.8,2.75,"nin"
"sc000635","om006","mp0030","STK2","bc",0.75,"fhigh",0.1,"b1p","low","iny","2o3",0,0.8,4,"nin"
"sc000636","om006","mp0031","STK2","bc",0.75,"fhigh",0.1,"b1p","low","iny","2o3",0,0.8,5.25,"nin"
"sc000637","om006","mp0032","STK2","bc",0.75,"fhigh",0.1,"b1p","low","iny","1o5",0,0,0,"nin"
"sc000638","om006","mp0033","STK2","bc",0.75,"fhigh",0.1,"b1p","low","iny","1o5",0,0.2,0.2,"nin"
"sc000639","om006","mp0034","STK2","bc",0.75,"fhigh",0.1,"b1p","low","iny","1o5",0,0.2,0.25,"nin"
"sc000640","om006","mp0035","STK2","bc",0.75,"fhigh",0.1,"b1p","low","iny","1o5",0,0.5,0.5,"nin"
"sc000641","om006","mp0036","STK2","bc",0.75,"fhigh",0.1,"b1p","low","iny","1o5",0,0.5,1,"nin"
"sc000642","om006","mp0037","STK2","bc",0.75,"fhigh",0.1,"b1p","low","iny","1o5",0,0.5,1.5,"nin"
"sc000643","om006","mp0038","STK2","bc",0.75,"fhigh",0.1,"b1p","low","iny","1o5",0,0.8,0.8,"nin"
"sc000644","om006","mp0039","STK2","bc",0.75,"fhigh",0.1,"b1p","low","iny","1o5",0,0.8,2.75,"nin"
"sc000645","om006","mp0040","STK2","bc",0.75,"fhigh",0.1,"b1p","low","iny","1o5",0,0.8,4,"nin"
"sc000646","om006","mp0041","STK2","bc",0.75,"fhigh",0.1,"b1p","low","iny","1o5",0,0.8,5.25,"nin"
"sc000647","om006","mp0042","STK2","bc",0.75,"fhigh",0.1,"b1p","low","fpa","1o2",0,0,0,"nin"
"sc000648","om006","mp0043","STK2","bc",0.75,"fhigh",0.1,"b1p","low","fpa","1o2",0,0.2,0.2,"nin"
"sc000649","om006","mp0044","STK2","bc",0.75,"fhigh",0.1,"b1p","low","fpa","1o2",0,0.2,0.25,"nin"
"sc000650","om006","mp0045","STK2","bc",0.75,"fhigh",0.1,"b1p","low","fpa","1o2",0,0.5,0.5,"nin"
"sc000651","om006","mp0046","STK2","bc",0.75,"fhigh",0.1,"b1p","low","fpa","1o2",0,0.5,1,"nin"
"sc000652","om006","mp0047","STK2","bc",0.75,"fhigh",0.1,"b1p","low","fpa","1o2",0,0.5,1.5,"nin"
"sc000653","om006","mp0048","STK2","bc",0.75,"fhigh",0.1,"b1p","low","fpa","1o2",0,0.8,0.8,"nin"
"sc000654","om006","mp0049","STK2","bc",0.75,"fhigh",0.1,"b1p","low","fpa","1o2",0,0.8,2.75,"nin"
"sc000655","om006","mp0050","STK2","bc",0.75,"fhigh",0.1,"b1p","low","fpa","1o2",0,0.8,4,"nin"
"sc000656","om006","mp0051","STK2","bc",0.75,"fhigh",0.1,"b1p","low","fpa","1o2",0,0.8,5.25,"nin"
"sc000657","om006","mp0052","STK2","bc",0.75,"fhigh",0.1,"b1p","low","fpa","1o3",0,0,0,"nin"
"sc000658","om006","mp0053","STK2","bc",0.75,"fhigh",0.1,"b1p","low","fpa","1o3",0,0.2,0.2,"nin"
"sc000659","om006","mp0054","STK2","bc",0.75,"fhigh",0.1,"b1p","low","fpa","1o3",0,0.2,0.25,"nin"
"sc000660","om006","mp0055","STK2","bc",0.75,"fhigh",0.1,"b1p","low","fpa","1o3",0,0.5,0.5,"nin"
"sc000661","om006","mp0056","STK2","bc",0.75,"fhigh",0.1,"b1p","low","fpa","1o3",0,0.5,1,"nin"
"sc000662","om006","mp0057","STK2","bc",0.75,"fhigh",0.1,"b1p","low","fpa","1o3",0,0.5,1.5,"nin"
"sc000663","om006","mp0058","STK2","bc",0.75,"fhigh",0.1,"b1p","low","fpa","1o3",0,0.8,0.8,"nin"
"sc000664","om006","mp0059","STK2","bc",0.75,"fhigh",0.1,"b1p","low","fpa","1o3",0,0.8,2.75,"nin"
"sc000665","om006","mp0060","STK2","bc",0.75,"fhigh",0.1,"b1p","low","fpa","1o3",0,0.8,4,"nin"
"sc000666","om006","mp0061","STK2","bc",0.75,"fhigh",0.1,"b1p","low","fpa","1o3",0,0.8,5.25,"nin"
"sc000667","om006","mp0062","STK2","bc",0.75,"fhigh",0.1,"b1p","low","fpa","2o3",0,0,0,"nin"
"sc000668","om006","mp0063","STK2","bc",0.75,"fhigh",0.1,"b1p","low","fpa","2o3",0,0.2,0.2,"nin"
"sc000669","om006","mp0064","STK2","bc",0.75,"fhigh",0.1,"b1p","low","fpa","2o3",0,0.2,0.25,"nin"
"sc000670","om006","mp0065","STK2","bc",0.75,"fhigh",0.1,"b1p","low","fpa","2o3",0,0.5,0.5,"nin"
"sc000671","om006","mp0066","STK2","bc",0.75,"fhigh",0.1,"b1p","low","fpa","2o3",0,0.5,1,"nin"
"sc000672","om006","mp0067","STK2","bc",0.75,"fhigh",0.1,"b1p","low","fpa","2o3",0,0.5,1.5,"nin"
"sc000673","om006","mp0068","STK2","bc",0.75,"fhigh",0.1,"b1p","low","fpa","2o3",0,0.8,0.8,"nin"
"sc000674","om006","mp0069","STK2","bc",0.75,"fhigh",0.1,"b1p","low","fpa","2o3",0,0.8,2.75,"nin"
"sc000675","om006","mp0070","STK2","bc",0.75,"fhigh",0.1,"b1p","low","fpa","2o3",0,0.8,4,"nin"
"sc000676","om006","mp0071","STK2","bc",0.75,"fhigh",0.1,"b1p","low","fpa","2o3",0,0.8,5.25,"nin"
"sc000677","om006","mp0072","STK2","bc",0.75,"fhigh",0.1,"b1p","low","fpa","1o5",0,0,0,"nin"
"sc000678","om006","mp0073","STK2","bc",0.75,"fhigh",0.1,"b1p","low","fpa","1o5",0,0.2,0.2,"nin"
"sc000679","om006","mp0074","STK2","bc",0.75,"fhigh",0.1,"b1p","low","fpa","1o5",0,0.2,0.25,"nin"
"sc000680","om006","mp0075","STK2","bc",0.75,"fhigh",0.1,"b1p","low","fpa","1o5",0,0.5,0.5,"nin"
"sc000681","om006","mp0076","STK2","bc",0.75,"fhigh",0.1,"b1p","low","fpa","1o5",0,0.5,1,"nin"
"sc000682","om006","mp0077","STK2","bc",0.75,"fhigh",0.1,"b1p","low","fpa","1o5",0,0.5,1.5,"nin"
"sc000683","om006","mp0078","STK2","bc",0.75,"fhigh",0.1,"b1p","low","fpa","1o5",0,0.8,0.8,"nin"
"sc000684","om006","mp0079","STK2","bc",0.75,"fhigh",0.1,"b1p","low","fpa","1o5",0,0.8,2.75,"nin"
"sc000685","om006","mp0080","STK2","bc",0.75,"fhigh",0.1,"b1p","low","fpa","1o5",0,0.8,4,"nin"
"sc000686","om006","mp0081","STK2","bc",0.75,"fhigh",0.1,"b1p","low","fpa","1o5",0,0.8,5.25,"nin"
"sc000687","om006","mp0082","STK2","bc",0.75,"fhigh",0.1,"b1p","low","int","1o2",0,0,0,"nin"
"sc000688","om006","mp0083","STK2","bc",0.75,"fhigh",0.1,"b1p","low","int","1o2",0,0.2,0.2,"nin"
"sc000689","om006","mp0084","STK2","bc",0.75,"fhigh",0.1,"b1p","low","int","1o2",0,0.2,0.25,"nin"
"sc000690","om006","mp0085","STK2","bc",0.75,"fhigh",0.1,"b1p","low","int","1o2",0,0.5,0.5,"nin"
"sc000691","om006","mp0086","STK2","bc",0.75,"fhigh",0.1,"b1p","low","int","1o2",0,0.5,1,"nin"
"sc000692","om006","mp0087","STK2","bc",0.75,"fhigh",0.1,"b1p","low","int","1o2",0,0.5,1.5,"nin"
"sc000693","om006","mp0088","STK2","bc",0.75,"fhigh",0.1,"b1p","low","int","1o2",0,0.8,0.8,"nin"
"sc000694","om006","mp0089","STK2","bc",0.75,"fhigh",0.1,"b1p","low","int","1o2",0,0.8,2.75,"nin"
"sc000695","om006","mp0090","STK2","bc",0.75,"fhigh",0.1,"b1p","low","int","1o2",0,0.8,4,"nin"
"sc000696","om006","mp0091","STK2","bc",0.75,"fhigh",0.1,"b1p","low","int","1o2",0,0.8,5.25,"nin"
"sc000697","om006","mp0092","STK2","bc",0.75,"fhigh",0.1,"b1p","low","int","1o3",0,0,0,"nin"
"sc000698","om006","mp0093","STK2","bc",0.75,"fhigh",0.1,"b1p","low","int","1o3",0,0.2,0.2,"nin"
"sc000699","om006","mp0094","STK2","bc",0.75,"fhigh",0.1,"b1p","low","int","1o3",0,0.2,0.25,"nin"
"sc000700","om006","mp0095","STK2","bc",0.75,"fhigh",0.1,"b1p","low","int","1o3",0,0.5,0.5,"nin"
"sc000701","om006","mp0096","STK2","bc",0.75,"fhigh",0.1,"b1p","low","int","1o3",0,0.5,1,"nin"
"sc000702","om006","mp0097","STK2","bc",0.75,"fhigh",0.1,"b1p","low","int","1o3",0,0.5,1.5,"nin"
"sc000703","om006","mp0098","STK2","bc",0.75,"fhigh",0.1,"b1p","low","int","1o3",0,0.8,0.8,"nin"
"sc000704","om006","mp0099","STK2","bc",0.75,"fhigh",0.1,"b1p","low","int","1o3",0,0.8,2.75,"nin"
"sc000705","om006","mp0100","STK2","bc",0.75,"fhigh",0.1,"b1p","low","int","1o3",0,0.8,4,"nin"
"sc000706","om006","mp0101","STK2","bc",0.75,"fhigh",0.1,"b1p","low","int","1o3",0,0.8,5.25,"nin"
"sc000707","om006","mp0102","STK2","bc",0.75,"fhigh",0.1,"b1p","low","int","2o3",0,0,0,"nin"
"sc000708","om006","mp0103","STK2","bc",0.75,"fhigh",0.1,"b1p","low","int","2o3",0,0.2,0.2,"nin"
"sc000709","om006","mp0104","STK2","bc",0.75,"fhigh",0.1,"b1p","low","int","2o3",0,0.2,0.25,"nin"
"sc000710","om006","mp0105","STK2","bc",0.75,"fhigh",0.1,"b1p","low","int","2o3",0,0.5,0.5,"nin"
"sc000711","om006","mp0106","STK2","bc",0.75,"fhigh",0.1,"b1p","low","int","2o3",0,0.5,1,"nin"
"sc000712","om006","mp0107","STK2","bc",0.75,"fhigh",0.1,"b1p","low","int","2o3",0,0.5,1.5,"nin"
"sc000713","om006","mp0108","STK2","bc",0.75,"fhigh",0.1,"b1p","low","int","2o3",0,0.8,0.8,"nin"
"sc000714","om006","mp0109","STK2","bc",0.75,"fhigh",0.1,"b1p","low","int","2o3",0,0.8,2.75,"nin"
"sc000715","om006","mp0110","STK2","bc",0.75,"fhigh",0.1,"b1p","low","int","2o3",0,0.8,4,"nin"
"sc000716","om006","mp0111","STK2","bc",0.75,"fhigh",0.1,"b1p","low","int","2o3",0,0.8,5.25,"nin"
"sc000717","om006","mp0112","STK2","bc",0.75,"fhigh",0.1,"b1p","low","int","1o5",0,0,0,"nin"
"sc000718","om006","mp0113","STK2","bc",0.75,"fhigh",0.1,"b1p","low","int","1o5",0,0.2,0.2,"nin"
"sc000719","om006","mp0114","STK2","bc",0.75,"fhigh",0.1,"b1p","low","int","1o5",0,0.2,0.25,"nin"
"sc000720","om006","mp0115","STK2","bc",0.75,"fhigh",0.1,"b1p","low","int","1o5",0,0.5,0.5,"nin"
"sc000721","om006","mp0116","STK2","bc",0.75,"fhigh",0.1,"b1p","low","int","1o5",0,0.5,1,"nin"
"sc000722","om006","mp0117","STK2","bc",0.75,"fhigh",0.1,"b1p","low","int","1o5",0,0.5,1.5,"nin"
"sc000723","om006","mp0118","STK2","bc",0.75,"fhigh",0.1,"b1p","low","int","1o5",0,0.8,0.8,"nin"
"sc000724","om006","mp0119","STK2","bc",0.75,"fhigh",0.1,"b1p","low","int","1o5",0,0.8,2.75,"nin"
"sc000725","om006","mp0120","STK2","bc",0.75,"fhigh",0.1,"b1p","low","int","1o5",0,0.8,4,"nin"
"sc000726","om006","mp0121","STK2","bc",0.75,"fhigh",0.1,"b1p","low","int","1o5",0,0.8,5.25,"nin"
"sc000727","om007","mp0002","STK1","bc",0.5,"fopt",0.1,"b1p","low","iny","1o2",0,0,0,"nin"
"sc000728","om008","mp0002","STK1","bc",0.5,"flow",0.1,"b1p","low","iny","1o2",0,0,0,"nin"
"sc000729","om009","mp0002","STK1","bc",0.5,"fhigh",0.1,"b1p","low","iny","1o2",0,0,0,"nin"
"sc000730","om010","mp0002","STK1","bc",1,"fopt",0.1,"b1p","low","iny","1o2",0,0,0,"nin"
"sc000731","om011","mp0002","STK1","bc",1,"flow",0.1,"b1p","low","iny","1o2",0,0,0,"nin"
"sc000732","om012","mp0002","STK1","bc",1,"fhigh",0.1,"b1p","low","iny","1o2",0,0,0,"nin"
"sc000733","om013","mp0002","STK1","lowprod",0.5,"fopt",0.1,"b1p","low","iny","1o2",0,0,0,"nin"
"sc000734","om014","mp0002","STK1","lowprod",0.5,"flow",0.1,"b1p","low","iny","1o2",0,0,0,"nin"
"sc000735","om015","mp0002","STK1","lowprod",0.5,"fhigh",0.1,"b1p","low","iny","1o2",0,0,0,"nin"
"sc000736","om016","mp0002","STK1","lowprod",0.75,"fopt",0.1,"b1p","low","iny","1o2",0,0,0,"nin"
"sc000737","om017","mp0002","STK1","lowprod",0.75,"flow",0.1,"b1p","low","iny","1o2",0,0,0,"nin"
"sc000738","om018","mp0002","STK1","lowprod",0.75,"fhigh",0.1,"b1p","low","iny","1o2",0,0,0,"nin"
"sc000739","om019","mp0002","STK1","lowprod",1,"fopt",0.1,"b1p","low","iny","1o2",0,0,0,"nin"
"sc000740","om020","mp0002","STK1","lowprod",1,"flow",0.1,"b1p","low","iny","1o2",0,0,0,"nin"
"sc000741","om021","mp0002","STK1","lowprod",1,"fhigh",0.1,"b1p","low","iny","1o2",0,0,0,"nin"
"sc000742","om022","mp0002","STK1","highprod",0.5,"fopt",0.1,"b1p","low","iny","1o2",0,0,0,"nin"
"sc000743","om023","mp0002","STK1","highprod",0.5,"flow",0.1,"b1p","low","iny","1o2",0,0,0,"nin"
"sc000744","om024","mp0002","STK1","highprod",0.5,"fhigh",0.1,"b1p","low","iny","1o2",0,0,0,"nin"
"sc000745","om025","mp0002","STK1","highprod",0.75,"fopt",0.1,"b1p","low","iny","1o2",0,0,0,"nin"
"sc000746","om026","mp0002","STK1","highprod",0.75,"flow",0.1,"b1p","low","iny","1o2",0,0,0,"nin"
"sc000747","om027","mp0002","STK1","highprod",0.75,"fhigh",0.1,"b1p","low","iny","1o2",0,0,0,"nin"
"sc000748","om028","mp0002","STK1","highprod",1,"fopt",0.1,"b1p","low","iny","1o2",0,0,0,"nin"
"sc000749","om029","mp0002","STK1","highprod",1,"flow",0.1,"b1p","low","iny","1o2",0,0,0,"nin"
"sc000750","om030","mp0002","STK1","highprod",1,"fhigh",0.1,"b1p","low","iny","1o2",0,0,0,"nin"
"sc000751","om031","mp0002","STK2","bc",0.5,"fopt",0.1,"b1p","low","iny","1o2",0,0,0,"nin"
"sc000752","om032","mp0002","STK2","bc",0.5,"flow",0.1,"b1p","low","iny","1o2",0,0,0,"nin"
"sc000753","om033","mp0002","STK2","bc",0.5,"fhigh",0.1,"b1p","low","iny","1o2",0,0,0,"nin"
"sc000754","om034","mp0002","STK2","bc",1,"fopt",0.1,"b1p","low","iny","1o2",0,0,0,"nin"
"sc000755","om035","mp0002","STK2","bc",1,"flow",0.1,"b1p","low","iny","1o2",0,0,0,"nin"
"sc000756","om036","mp0002","STK2","bc",1,"fhigh",0.1,"b1p","low","iny","1o2",0,0,0,"nin"
"sc000757","om037","mp0002","STK2","lowprod",0.5,"fopt",0.1,"b1p","low","iny","1o2",0,0,0,"nin"
"sc000758","om038","mp0002","STK2","lowprod",0.5,"flow",0.1,"b1p","low","iny","1o2",0,0,0,"nin"
"sc000759","om039","mp0002","STK2","lowprod",0.5,"fhigh",0.1,"b1p","low","iny","1o2",0,0,0,"nin"
"sc000760","om040","mp0002","STK2","lowprod",0.75,"fopt",0.1,"b1p","low","iny","1o2",0,0,0,"nin"
"sc000761","om041","mp0002","STK2","lowprod",0.75,"flow",0.1,"b1p","low","iny","1o2",0,0,0,"nin"
"sc000762","om042","mp0002","STK2","lowprod",0.75,"fhigh",0.1,"b1p","low","iny","1o2",0,0,0,"nin"
"sc000763","om043","mp0002","STK2","lowprod",1,"fopt",0.1,"b1p","low","iny","1o2",0,0,0,"nin"
"sc000764","om044","mp0002","STK2","lowprod",1,"flow",0.1,"b1p","low","iny","1o2",0,0,0,"nin"
"sc000765","om045","mp0002","STK2","lowprod",1,"fhigh",0.1,"b1p","low","iny","1o2",0,0,0,"nin"
"sc000766","om046","mp0002","STK2","highprod",0.5,"fopt",0.1,"b1p","low","iny","1o2",0,0,0,"nin"
"sc000767","om047","mp0002","STK2","highprod",0.5,"flow",0.1,"b1p","low","iny","1o2",0,0,0,"nin"
"sc000768","om048","mp0002","STK2","highprod",0.5,"fhigh",0.1,"b1p","low","iny","1o2",0,0,0,"nin"
"sc000769","om049","mp0002","STK2","highprod",0.75,"fopt",0.1,"b1p","low","iny","1o2",0,0,0,"nin"
"sc000770","om050","mp0002","STK2","highprod",0.75,"flow",0.1,"b1p","low","iny","1o2",0,0,0,"nin"
"sc000771","om051","mp0002","STK2","highprod",0.75,"fhigh",0.1,"b1p","low","iny","1o2",0,0,0,"nin"
"sc000772","om052","mp0002","STK2","highprod",1,"fopt",0.1,"b1p","low","iny","1o2",0,0,0,"nin"
"sc000773","om053","mp0002","STK2","highprod",1,"flow",0.1,"b1p","low","iny","1o2",0,0,0,"nin"
"sc000774","om054","mp0002","STK2","highprod",1,"fhigh",0.1,"b1p","low","iny","1o2",0,0,0,"nin"
"sc000775","om007","mp0008","STK1","bc",0.5,"fopt",0.1,"b1p","low","iny","1o2",0,0.8,0.8,"nin"
"sc000776","om008","mp0008","STK1","bc",0.5,"flow",0.1,"b1p","low","iny","1o2",0,0.8,0.8,"nin"
"sc000777","om009","mp0008","STK1","bc",0.5,"fhigh",0.1,"b1p","low","iny","1o2",0,0.8,0.8,"nin"
"sc000778","om010","mp0008","STK1","bc",1,"fopt",0.1,"b1p","low","iny","1o2",0,0.8,0.8,"nin"
"sc000779","om011","mp0008","STK1","bc",1,"flow",0.1,"b1p","low","iny","1o2",0,0.8,0.8,"nin"
"sc000780","om012","mp0008","STK1","bc",1,"fhigh",0.1,"b1p","low","iny","1o2",0,0.8,0.8,"nin"
"sc000781","om013","mp0008","STK1","lowprod",0.5,"fopt",0.1,"b1p","low","iny","1o2",0,0.8,0.8,"nin"
"sc000782","om014","mp0008","STK1","lowprod",0.5,"flow",0.1,"b1p","low","iny","1o2",0,0.8,0.8,"nin"
"sc000783","om015","mp0008","STK1","lowprod",0.5,"fhigh",0.1,"b1p","low","iny","1o2",0,0.8,0.8,"nin"
"sc000784","om016","mp0008","STK1","lowprod",0.75,"fopt",0.1,"b1p","low","iny","1o2",0,0.8,0.8,"nin"
"sc000785","om017","mp0008","STK1","lowprod",0.75,"flow",0.1,"b1p","low","iny","1o2",0,0.8,0.8,"nin"
"sc000786","om018","mp0008","STK1","lowprod",0.75,"fhigh",0.1,"b1p","low","iny","1o2",0,0.8,0.8,"nin"
"sc000787","om019","mp0008","STK1","lowprod",1,"fopt",0.1,"b1p","low","iny","1o2",0,0.8,0.8,"nin"
"sc000788","om020","mp0008","STK1","lowprod",1,"flow",0.1,"b1p","low","iny","1o2",0,0.8,0.8,"nin"
"sc000789","om021","mp0008","STK1","lowprod",1,"fhigh",0.1,"b1p","low","iny","1o2",0,0.8,0.8,"nin"
"sc000790","om022","mp0008","STK1","highprod",0.5,"fopt",0.1,"b1p","low","iny","1o2",0,0.8,0.8,"nin"
"sc000791","om023","mp0008","STK1","highprod",0.5,"flow",0.1,"b1p","low","iny","1o2",0,0.8,0.8,"nin"
"sc000792","om024","mp0008","STK1","highprod",0.5,"fhigh",0.1,"b1p","low","iny","1o2",0,0.8,0.8,"nin"
"sc000793","om025","mp0008","STK1","highprod",0.75,"fopt",0.1,"b1p","low","iny","1o2",0,0.8,0.8,"nin"
"sc000794","om026","mp0008","STK1","highprod",0.75,"flow",0.1,"b1p","low","iny","1o2",0,0.8,0.8,"nin"
"sc000795","om027","mp0008","STK1","highprod",0.75,"fhigh",0.1,"b1p","low","iny","1o2",0,0.8,0.8,"nin"
"sc000796","om028","mp0008","STK1","highprod",1,"fopt",0.1,"b1p","low","iny","1o2",0,0.8,0.8,"nin"
"sc000797","om029","mp0008","STK1","highprod",1,"flow",0.1,"b1p","low","iny","1o2",0,0.8,0.8,"nin"
"sc000798","om030","mp0008","STK1","highprod",1,"fhigh",0.1,"b1p","low","iny","1o2",0,0.8,0.8,"nin"
"sc000799","om031","mp0008","STK2","bc",0.5,"fopt",0.1,"b1p","low","iny","1o2",0,0.8,0.8,"nin"
"sc000800","om032","mp0008","STK2","bc",0.5,"flow",0.1,"b1p","low","iny","1o2",0,0.8,0.8,"nin"
"sc000801","om033","mp0008","STK2","bc",0.5,"fhigh",0.1,"b1p","low","iny","1o2",0,0.8,0.8,"nin"
"sc000802","om034","mp0008","STK2","bc",1,"fopt",0.1,"b1p","low","iny","1o2",0,0.8,0.8,"nin"
"sc000803","om035","mp0008","STK2","bc",1,"flow",0.1,"b1p","low","iny","1o2",0,0.8,0.8,"nin"
"sc000804","om036","mp0008","STK2","bc",1,"fhigh",0.1,"b1p","low","iny","1o2",0,0.8,0.8,"nin"
"sc000805","om037","mp0008","STK2","lowprod",0.5,"fopt",0.1,"b1p","low","iny","1o2",0,0.8,0.8,"nin"
"sc000806","om038","mp0008","STK2","lowprod",0.5,"flow",0.1,"b1p","low","iny","1o2",0,0.8,0.8,"nin"
"sc000807","om039","mp0008","STK2","lowprod",0.5,"fhigh",0.1,"b1p","low","iny","1o2",0,0.8,0.8,"nin"
"sc000808","om040","mp0008","STK2","lowprod",0.75,"fopt",0.1,"b1p","low","iny","1o2",0,0.8,0.8,"nin"
"sc000809","om041","mp0008","STK2","lowprod",0.75,"flow",0.1,"b1p","low","iny","1o2",0,0.8,0.8,"nin"
"sc000810","om042","mp0008","STK2","lowprod",0.75,"fhigh",0.1,"b1p","low","iny","1o2",0,0.8,0.8,"nin"
"sc000811","om043","mp0008","STK2","lowprod",1,"fopt",0.1,"b1p","low","iny","1o2",0,0.8,0.8,"nin"
"sc000812","om044","mp0008","STK2","lowprod",1,"flow",0.1,"b1p","low","iny","1o2",0,0.8,0.8,"nin"
"sc000813","om045","mp0008","STK2","lowprod",1,"fhigh",0.1,"b1p","low","iny","1o2",0,0.8,0.8,"nin"
"sc000814","om046","mp0008","STK2","highprod",0.5,"fopt",0.1,"b1p","low","iny","1o2",0,0.8,0.8,"nin"
"sc000815","om047","mp0008","STK2","highprod",0.5,"flow",0.1,"b1p","low","iny","1o2",0,0.8,0.8,"nin"
"sc000816","om048","mp0008","STK2","highprod",0.5,"fhigh",0.1,"b1p","low","iny","1o2",0,0.8,0.8,"nin"
"sc000817","om049","mp0008","STK2","highprod",0.75,"fopt",0.1,"b1p","low","iny","1o2",0,0.8,0.8,"nin"
"sc000818","om050","mp0008","STK2","highprod",0.75,"flow",0.1,"b1p","low","iny","1o2",0,0.8,0.8,"nin"
"sc000819","om051","mp0008","STK2","highprod",0.75,"fhigh",0.1,"b1p","low","iny","1o2",0,0.8,0.8,"nin"
"sc000820","om052","mp0008","STK2","highprod",1,"fopt",0.1,"b1p","low","iny","1o2",0,0.8,0.8,"nin"
"sc000821","om053","mp0008","STK2","highprod",1,"flow",0.1,"b1p","low","iny","1o2",0,0.8,0.8,"nin"
"sc000822","om054","mp0008","STK2","highprod",1,"fhigh",0.1,"b1p","low","iny","1o2",0,0.8,0.8,"nin"
"sc000823","om007","mp0010","STK1","bc",0.5,"fopt",0.1,"b1p","low","iny","1o2",0,0.8,4,"nin"
"sc000824","om008","mp0010","STK1","bc",0.5,"flow",0.1,"b1p","low","iny","1o2",0,0.8,4,"nin"
"sc000825","om009","mp0010","STK1","bc",0.5,"fhigh",0.1,"b1p","low","iny","1o2",0,0.8,4,"nin"
"sc000826","om010","mp0010","STK1","bc",1,"fopt",0.1,"b1p","low","iny","1o2",0,0.8,4,"nin"
"sc000827","om011","mp0010","STK1","bc",1,"flow",0.1,"b1p","low","iny","1o2",0,0.8,4,"nin"
"sc000828","om012","mp0010","STK1","bc",1,"fhigh",0.1,"b1p","low","iny","1o2",0,0.8,4,"nin"
"sc000829","om013","mp0010","STK1","lowprod",0.5,"fopt",0.1,"b1p","low","iny","1o2",0,0.8,4,"nin"
"sc000830","om014","mp0010","STK1","lowprod",0.5,"flow",0.1,"b1p","low","iny","1o2",0,0.8,4,"nin"
"sc000831","om015","mp0010","STK1","lowprod",0.5,"fhigh",0.1,"b1p","low","iny","1o2",0,0.8,4,"nin"
"sc000832","om016","mp0010","STK1","lowprod",0.75,"fopt",0.1,"b1p","low","iny","1o2",0,0.8,4,"nin"
"sc000833","om017","mp0010","STK1","lowprod",0.75,"flow",0.1,"b1p","low","iny","1o2",0,0.8,4,"nin"
"sc000834","om018","mp0010","STK1","lowprod",0.75,"fhigh",0.1,"b1p","low","iny","1o2",0,0.8,4,"nin"
"sc000835","om019","mp0010","STK1","lowprod",1,"fopt",0.1,"b1p","low","iny","1o2",0,0.8,4,"nin"
"sc000836","om020","mp0010","STK1","lowprod",1,"flow",0.1,"b1p","low","iny","1o2",0,0.8,4,"nin"
"sc000837","om021","mp0010","STK1","lowprod",1,"fhigh",0.1,"b1p","low","iny","1o2",0,0.8,4,"nin"
"sc000838","om022","mp0010","STK1","highprod",0.5,"fopt",0.1,"b1p","low","iny","1o2",0,0.8,4,"nin"
"sc000839","om023","mp0010","STK1","highprod",0.5,"flow",0.1,"b1p","low","iny","1o2",0,0.8,4,"nin"
"sc000840","om024","mp0010","STK1","highprod",0.5,"fhigh",0.1,"b1p","low","iny","1o2",0,0.8,4,"nin"
"sc000841","om025","mp0010","STK1","highprod",0.75,"fopt",0.1,"b1p","low","iny","1o2",0,0.8,4,"nin"
"sc000842","om026","mp0010","STK1","highprod",0.75,"flow",0.1,"b1p","low","iny","1o2",0,0.8,4,"nin"
"sc000843","om027","mp0010","STK1","highprod",0.75,"fhigh",0.1,"b1p","low","iny","1o2",0,0.8,4,"nin"
"sc000844","om028","mp0010","STK1","highprod",1,"fopt",0.1,"b1p","low","iny","1o2",0,0.8,4,"nin"
"sc000845","om029","mp0010","STK1","highprod",1,"flow",0.1,"b1p","low","iny","1o2",0,0.8,4,"nin"
"sc000846","om030","mp0010","STK1","highprod",1,"fhigh",0.1,"b1p","low","iny","1o2",0,0.8,4,"nin"
"sc000847","om031","mp0010","STK2","bc",0.5,"fopt",0.1,"b1p","low","iny","1o2",0,0.8,4,"nin"
"sc000848","om032","mp0010","STK2","bc",0.5,"flow",0.1,"b1p","low","iny","1o2",0,0.8,4,"nin"
"sc000849","om033","mp0010","STK2","bc",0.5,"fhigh",0.1,"b1p","low","iny","1o2",0,0.8,4,"nin"
"sc000850","om034","mp0010","STK2","bc",1,"fopt",0.1,"b1p","low","iny","1o2",0,0.8,4,"nin"
"sc000851","om035","mp0010","STK2","bc",1,"flow",0.1,"b1p","low","iny","1o2",0,0.8,4,"nin"
"sc000852","om036","mp0010","STK2","bc",1,"fhigh",0.1,"b1p","low","iny","1o2",0,0.8,4,"nin"
"sc000853","om037","mp0010","STK2","lowprod",0.5,"fopt",0.1,"b1p","low","iny","1o2",0,0.8,4,"nin"
"sc000854","om038","mp0010","STK2","lowprod",0.5,"flow",0.1,"b1p","low","iny","1o2",0,0.8,4,"nin"
"sc000855","om039","mp0010","STK2","lowprod",0.5,"fhigh",0.1,"b1p","low","iny","1o2",0,0.8,4,"nin"
"sc000856","om040","mp0010","STK2","lowprod",0.75,"fopt",0.1,"b1p","low","iny","1o2",0,0.8,4,"nin"
"sc000857","om041","mp0010","STK2","lowprod",0.75,"flow",0.1,"b1p","low","iny","1o2",0,0.8,4,"nin"
"sc000858","om042","mp0010","STK2","lowprod",0.75,"fhigh",0.1,"b1p","low","iny","1o2",0,0.8,4,"nin"
"sc000859","om043","mp0010","STK2","lowprod",1,"fopt",0.1,"b1p","low","iny","1o2",0,0.8,4,"nin"
"sc000860","om044","mp0010","STK2","lowprod",1,"flow",0.1,"b1p","low","iny","1o2",0,0.8,4,"nin"
"sc000861","om045","mp0010","STK2","lowprod",1,"fhigh",0.1,"b1p","low","iny","1o2",0,0.8,4,"nin"
"sc000862","om046","mp0010","STK2","highprod",0.5,"fopt",0.1,"b1p","low","iny","1o2",0,0.8,4,"nin"
"sc000863","om047","mp0010","STK2","highprod",0.5,"flow",0.1,"b1p","low","iny","1o2",0,0.8,4,"nin"
"sc000864","om048","mp0010","STK2","highprod",0.5,"fhigh",0.1,"b1p","low","iny","1o2",0,0.8,4,"nin"
"sc000865","om049","mp0010","STK2","highprod",0.75,"fopt",0.1,"b1p","low","iny","1o2",0,0.8,4,"nin"
"sc000866","om050","mp0010","STK2","highprod",0.75,"flow",0.1,"b1p","low","iny","1o2",0,0.8,4,"nin"
"sc000867","om051","mp0010","STK2","highprod",0.75,"fhigh",0.1,"b1p","low","iny","1o2",0,0.8,4,"nin"
"sc000868","om052","mp0010","STK2","highprod",1,"fopt",0.1,"b1p","low","iny","1o2",0,0.8,4,"nin"
"sc000869","om053","mp0010","STK2","highprod",1,"flow",0.1,"b1p","low","iny","1o2",0,0.8,4,"nin"
"sc000870","om054","mp0010","STK2","highprod",1,"fhigh",0.1,"b1p","low","iny","1o2",0,0.8,4,"nin"
"sc000871","om007","mp0028","STK1","bc",0.5,"fopt",0.1,"b1p","low","iny","2o3",0,0.8,0.8,"nin"
"sc000872","om008","mp0028","STK1","bc",0.5,"flow",0.1,"b1p","low","iny","2o3",0,0.8,0.8,"nin"
"sc000873","om009","mp0028","STK1","bc",0.5,"fhigh",0.1,"b1p","low","iny","2o3",0,0.8,0.8,"nin"
"sc000874","om010","mp0028","STK1","bc",1,"fopt",0.1,"b1p","low","iny","2o3",0,0.8,0.8,"nin"
"sc000875","om011","mp0028","STK1","bc",1,"flow",0.1,"b1p","low","iny","2o3",0,0.8,0.8,"nin"
"sc000876","om012","mp0028","STK1","bc",1,"fhigh",0.1,"b1p","low","iny","2o3",0,0.8,0.8,"nin"
"sc000877","om013","mp0028","STK1","lowprod",0.5,"fopt",0.1,"b1p","low","iny","2o3",0,0.8,0.8,"nin"
"sc000878","om014","mp0028","STK1","lowprod",0.5,"flow",0.1,"b1p","low","iny","2o3",0,0.8,0.8,"nin"
"sc000879","om015","mp0028","STK1","lowprod",0.5,"fhigh",0.1,"b1p","low","iny","2o3",0,0.8,0.8,"nin"
"sc000880","om016","mp0028","STK1","lowprod",0.75,"fopt",0.1,"b1p","low","iny","2o3",0,0.8,0.8,"nin"
"sc000881","om017","mp0028","STK1","lowprod",0.75,"flow",0.1,"b1p","low","iny","2o3",0,0.8,0.8,"nin"
"sc000882","om018","mp0028","STK1","lowprod",0.75,"fhigh",0.1,"b1p","low","iny","2o3",0,0.8,0.8,"nin"
"sc000883","om019","mp0028","STK1","lowprod",1,"fopt",0.1,"b1p","low","iny","2o3",0,0.8,0.8,"nin"
"sc000884","om020","mp0028","STK1","lowprod",1,"flow",0.1,"b1p","low","iny","2o3",0,0.8,0.8,"nin"
"sc000885","om021","mp0028","STK1","lowprod",1,"fhigh",0.1,"b1p","low","iny","2o3",0,0.8,0.8,"nin"
"sc000886","om022","mp0028","STK1","highprod",0.5,"fopt",0.1,"b1p","low","iny","2o3",0,0.8,0.8,"nin"
"sc000887","om023","mp0028","STK1","highprod",0.5,"flow",0.1,"b1p","low","iny","2o3",0,0.8,0.8,"nin"
"sc000888","om024","mp0028","STK1","highprod",0.5,"fhigh",0.1,"b1p","low","iny","2o3",0,0.8,0.8,"nin"
"sc000889","om025","mp0028","STK1","highprod",0.75,"fopt",0.1,"b1p","low","iny","2o3",0,0.8,0.8,"nin"
"sc000890","om026","mp0028","STK1","highprod",0.75,"flow",0.1,"b1p","low","iny","2o3",0,0.8,0.8,"nin"
"sc000891","om027","mp0028","STK1","highprod",0.75,"fhigh",0.1,"b1p","low","iny","2o3",0,0.8,0.8,"nin"
"sc000892","om028","mp0028","STK1","highprod",1,"fopt",0.1,"b1p","low","iny","2o3",0,0.8,0.8,"nin"
"sc000893","om029","mp0028","STK1","highprod",1,"flow",0.1,"b1p","low","iny","2o3",0,0.8,0.8,"nin"
"sc000894","om030","mp0028","STK1","highprod",1,"fhigh",0.1,"b1p","low","iny","2o3",0,0.8,0.8,"nin"
"sc000895","om031","mp0028","STK2","bc",0.5,"fopt",0.1,"b1p","low","iny","2o3",0,0.8,0.8,"nin"
"sc000896","om032","mp0028","STK2","bc",0.5,"flow",0.1,"b1p","low","iny","2o3",0,0.8,0.8,"nin"
"sc000897","om033","mp0028","STK2","bc",0.5,"fhigh",0.1,"b1p","low","iny","2o3",0,0.8,0.8,"nin"
"sc000898","om034","mp0028","STK2","bc",1,"fopt",0.1,"b1p","low","iny","2o3",0,0.8,0.8,"nin"
"sc000899","om035","mp0028","STK2","bc",1,"flow",0.1,"b1p","low","iny","2o3",0,0.8,0.8,"nin"
"sc000900","om036","mp0028","STK2","bc",1,"fhigh",0.1,"b1p","low","iny","2o3",0,0.8,0.8,"nin"
"sc000901","om037","mp0028","STK2","lowprod",0.5,"fopt",0.1,"b1p","low","iny","2o3",0,0.8,0.8,"nin"
"sc000902","om038","mp0028","STK2","lowprod",0.5,"flow",0.1,"b1p","low","iny","2o3",0,0.8,0.8,"nin"
"sc000903","om039","mp0028","STK2","lowprod",0.5,"fhigh",0.1,"b1p","low","iny","2o3",0,0.8,0.8,"nin"
"sc000904","om040","mp0028","STK2","lowprod",0.75,"fopt",0.1,"b1p","low","iny","2o3",0,0.8,0.8,"nin"
"sc000905","om041","mp0028","STK2","lowprod",0.75,"flow",0.1,"b1p","low","iny","2o3",0,0.8,0.8,"nin"
"sc000906","om042","mp0028","STK2","lowprod",0.75,"fhigh",0.1,"b1p","low","iny","2o3",0,0.8,0.8,"nin"
"sc000907","om043","mp0028","STK2","lowprod",1,"fopt",0.1,"b1p","low","iny","2o3",0,0.8,0.8,"nin"
"sc000908","om044","mp0028","STK2","lowprod",1,"flow",0.1,"b1p","low","iny","2o3",0,0.8,0.8,"nin"
"sc000909","om045","mp0028","STK2","lowprod",1,"fhigh",0.1,"b1p","low","iny","2o3",0,0.8,0.8,"nin"
"sc000910","om046","mp0028","STK2","highprod",0.5,"fopt",0.1,"b1p","low","iny","2o3",0,0.8,0.8,"nin"
"sc000911","om047","mp0028","STK2","highprod",0.5,"flow",0.1,"b1p","low","iny","2o3",0,0.8,0.8,"nin"
"sc000912","om048","mp0028","STK2","highprod",0.5,"fhigh",0.1,"b1p","low","iny","2o3",0,0.8,0.8,"nin"
"sc000913","om049","mp0028","STK2","highprod",0.75,"fopt",0.1,"b1p","low","iny","2o3",0,0.8,0.8,"nin"
"sc000914","om050","mp0028","STK2","highprod",0.75,"flow",0.1,"b1p","low","iny","2o3",0,0.8,0.8,"nin"
"sc000915","om051","mp0028","STK2","highprod",0.75,"fhigh",0.1,"b1p","low","iny","2o3",0,0.8,0.8,"nin"
"sc000916","om052","mp0028","STK2","highprod",1,"fopt",0.1,"b1p","low","iny","2o3",0,0.8,0.8,"nin"
"sc000917","om053","mp0028","STK2","highprod",1,"flow",0.1,"b1p","low","iny","2o3",0,0.8,0.8,"nin"
"sc000918","om054","mp0028","STK2","highprod",1,"fhigh",0.1,"b1p","low","iny","2o3",0,0.8,0.8,"nin"
"sc000919","om055","mp0002","STK1","bc",0.75,"fopt",0.1,"b1p","high","iny","1o2",0,0,0,"nin"
"sc000920","om056","mp0002","STK1","bc",0.75,"fopt",0.1,"b1p","iav","iny","1o2",0,0,0,"nin"
"sc000921","om057","mp0002","STK1","bc",0.75,"fopt",0.1,"b1p","iav2","iny","1o2",0,0,0,"nin"
"sc000922","om058","mp0002","STK1","bc",0.75,"flow",0.1,"b1p","high","iny","1o2",0,0,0,"nin"
"sc000923","om059","mp0002","STK1","bc",0.75,"flow",0.1,"b1p","iav","iny","1o2",0,0,0,"nin"
"sc000924","om060","mp0002","STK1","bc",0.75,"flow",0.1,"b1p","iav2","iny","1o2",0,0,0,"nin"
"sc000925","om061","mp0002","STK1","bc",0.75,"fhigh",0.1,"b1p","high","iny","1o2",0,0,0,"nin"
"sc000926","om062","mp0002","STK1","bc",0.75,"fhigh",0.1,"b1p","iav","iny","1o2",0,0,0,"nin"
"sc000927","om063","mp0002","STK1","bc",0.75,"fhigh",0.1,"b1p","iav2","iny","1o2",0,0,0,"nin"
"sc000928","om064","mp0002","STK2","bc",0.75,"fopt",0.1,"b1p","high","iny","1o2",0,0,0,"nin"
"sc000929","om065","mp0002","STK2","bc",0.75,"fopt",0.1,"b1p","iav","iny","1o2",0,0,0,"nin"
"sc000930","om066","mp0002","STK2","bc",0.75,"fopt",0.1,"b1p","iav2","iny","1o2",0,0,0,"nin"
"sc000931","om067","mp0002","STK2","bc",0.75,"flow",0.1,"b1p","high","iny","1o2",0,0,0,"nin"
"sc000932","om068","mp0002","STK2","bc",0.75,"flow",0.1,"b1p","iav","iny","1o2",0,0,0,"nin"
"sc000933","om069","mp0002","STK2","bc",0.75,"flow",0.1,"b1p","iav2","iny","1o2",0,0,0,"nin"
"sc000934","om070","mp0002","STK2","bc",0.75,"fhigh",0.1,"b1p","high","iny","1o2",0,0,0,"nin"
"sc000935","om071","mp0002","STK2","bc",0.75,"fhigh",0.1,"b1p","iav","iny","1o2",0,0,0,"nin"
"sc000936","om072","mp0002","STK2","bc",0.75,"fhigh",0.1,"b1p","iav2","iny","1o2",0,0,0,"nin"
"sc000937","om055","mp0008","STK1","bc",0.75,"fopt",0.1,"b1p","high","iny","1o2",0,0.8,0.8,"nin"
"sc000938","om056","mp0008","STK1","bc",0.75,"fopt",0.1,"b1p","iav","iny","1o2",0,0.8,0.8,"nin"
"sc000939","om057","mp0008","STK1","bc",0.75,"fopt",0.1,"b1p","iav2","iny","1o2",0,0.8,0.8,"nin"
"sc000940","om058","mp0008","STK1","bc",0.75,"flow",0.1,"b1p","high","iny","1o2",0,0.8,0.8,"nin"
"sc000941","om059","mp0008","STK1","bc",0.75,"flow",0.1,"b1p","iav","iny","1o2",0,0.8,0.8,"nin"
"sc000942","om060","mp0008","STK1","bc",0.75,"flow",0.1,"b1p","iav2","iny","1o2",0,0.8,0.8,"nin"
"sc000943","om061","mp0008","STK1","bc",0.75,"fhigh",0.1,"b1p","high","iny","1o2",0,0.8,0.8,"nin"
"sc000944","om062","mp0008","STK1","bc",0.75,"fhigh",0.1,"b1p","iav","iny","1o2",0,0.8,0.8,"nin"
"sc000945","om063","mp0008","STK1","bc",0.75,"fhigh",0.1,"b1p","iav2","iny","1o2",0,0.8,0.8,"nin"
"sc000946","om064","mp0008","STK2","bc",0.75,"fopt",0.1,"b1p","high","iny","1o2",0,0.8,0.8,"nin"
"sc000947","om065","mp0008","STK2","bc",0.75,"fopt",0.1,"b1p","iav","iny","1o2",0,0.8,0.8,"nin"
"sc000948","om066","mp0008","STK2","bc",0.75,"fopt",0.1,"b1p","iav2","iny","1o2",0,0.8,0.8,"nin"
"sc000949","om067","mp0008","STK2","bc",0.75,"flow",0.1,"b1p","high","iny","1o2",0,0.8,0.8,"nin"
"sc000950","om068","mp0008","STK2","bc",0.75,"flow",0.1,"b1p","iav","iny","1o2",0,0.8,0.8,"nin"
"sc000951","om069","mp0008","STK2","bc",0.75,"flow",0.1,"b1p","iav2","iny","1o2",0,0.8,0.8,"nin"
"sc000952","om070","mp0008","STK2","bc",0.75,"fhigh",0.1,"b1p","high","iny","1o2",0,0.8,0.8,"nin"
"sc000953","om071","mp0008","STK2","bc",0.75,"fhigh",0.1,"b1p","iav","iny","1o2",0,0.8,0.8,"nin"
"sc000954","om072","mp0008","STK2","bc",0.75,"fhigh",0.1,"b1p","iav2","iny","1o2",0,0.8,0.8,"nin"
"sc000955","om055","mp0012","STK1","bc",0.75,"fopt",0.1,"b1p","high","iny","1o3",0,0,0,"nin"
"sc000956","om056","mp0012","STK1","bc",0.75,"fopt",0.1,"b1p","iav","iny","1o3",0,0,0,"nin"
"sc000957","om057","mp0012","STK1","bc",0.75,"fopt",0.1,"b1p","iav2","iny","1o3",0,0,0,"nin"
"sc000958","om058","mp0012","STK1","bc",0.75,"flow",0.1,"b1p","high","iny","1o3",0,0,0,"nin"
"sc000959","om059","mp0012","STK1","bc",0.75,"flow",0.1,"b1p","iav","iny","1o3",0,0,0,"nin"
"sc000960","om060","mp0012","STK1","bc",0.75,"flow",0.1,"b1p","iav2","iny","1o3",0,0,0,"nin"
"sc000961","om061","mp0012","STK1","bc",0.75,"fhigh",0.1,"b1p","high","iny","1o3",0,0,0,"nin"
"sc000962","om062","mp0012","STK1","bc",0.75,"fhigh",0.1,"b1p","iav","iny","1o3",0,0,0,"nin"
"sc000963","om063","mp0012","STK1","bc",0.75,"fhigh",0.1,"b1p","iav2","iny","1o3",0,0,0,"nin"
"sc000964","om064","mp0012","STK2","bc",0.75,"fopt",0.1,"b1p","high","iny","1o3",0,0,0,"nin"
"sc000965","om065","mp0012","STK2","bc",0.75,"fopt",0.1,"b1p","iav","iny","1o3",0,0,0,"nin"
"sc000966","om066","mp0012","STK2","bc",0.75,"fopt",0.1,"b1p","iav2","iny","1o3",0,0,0,"nin"
"sc000967","om067","mp0012","STK2","bc",0.75,"flow",0.1,"b1p","high","iny","1o3",0,0,0,"nin"
"sc000968","om068","mp0012","STK2","bc",0.75,"flow",0.1,"b1p","iav","iny","1o3",0,0,0,"nin"
"sc000969","om069","mp0012","STK2","bc",0.75,"flow",0.1,"b1p","iav2","iny","1o3",0,0,0,"nin"
"sc000970","om070","mp0012","STK2","bc",0.75,"fhigh",0.1,"b1p","high","iny","1o3",0,0,0,"nin"
"sc000971","om071","mp0012","STK2","bc",0.75,"fhigh",0.1,"b1p","iav","iny","1o3",0,0,0,"nin"
"sc000972","om072","mp0012","STK2","bc",0.75,"fhigh",0.1,"b1p","iav2","iny","1o3",0,0,0,"nin"
"sc000973","om055","mp0022","STK1","bc",0.75,"fopt",0.1,"b1p","high","iny","2o3",0,0,0,"nin"
"sc000974","om056","mp0022","STK1","bc",0.75,"fopt",0.1,"b1p","iav","iny","2o3",0,0,0,"nin"
"sc000975","om057","mp0022","STK1","bc",0.75,"fopt",0.1,"b1p","iav2","iny","2o3",0,0,0,"nin"
"sc000976","om058","mp0022","STK1","bc",0.75,"flow",0.1,"b1p","high","iny","2o3",0,0,0,"nin"
"sc000977","om059","mp0022","STK1","bc",0.75,"flow",0.1,"b1p","iav","iny","2o3",0,0,0,"nin"
"sc000978","om060","mp0022","STK1","bc",0.75,"flow",0.1,"b1p","iav2","iny","2o3",0,0,0,"nin"
"sc000979","om061","mp0022","STK1","bc",0.75,"fhigh",0.1,"b1p","high","iny","2o3",0,0,0,"nin"
"sc000980","om062","mp0022","STK1","bc",0.75,"fhigh",0.1,"b1p","iav","iny","2o3",0,0,0,"nin"
"sc000981","om063","mp0022","STK1","bc",0.75,"fhigh",0.1,"b1p","iav2","iny","2o3",0,0,0,"nin"
"sc000982","om064","mp0022","STK2","bc",0.75,"fopt",0.1,"b1p","high","iny","2o3",0,0,0,"nin"
"sc000983","om065","mp0022","STK2","bc",0.75,"fopt",0.1,"b1p","iav","iny","2o3",0,0,0,"nin"
"sc000984","om066","mp0022","STK2","bc",0.75,"fopt",0.1,"b1p","iav2","iny","2o3",0,0,0,"nin"
"sc000985","om067","mp0022","STK2","bc",0.75,"flow",0.1,"b1p","high","iny","2o3",0,0,0,"nin"
"sc000986","om068","mp0022","STK2","bc",0.75,"flow",0.1,"b1p","iav","iny","2o3",0,0,0,"nin"
"sc000987","om069","mp0022","STK2","bc",0.75,"flow",0.1,"b1p","iav2","iny","2o3",0,0,0,"nin"
"sc000988","om070","mp0022","STK2","bc",0.75,"fhigh",0.1,"b1p","high","iny","2o3",0,0,0,"nin"
"sc000989","om071","mp0022","STK2","bc",0.75,"fhigh",0.1,"b1p","iav","iny","2o3",0,0,0,"nin"
"sc000990","om072","mp0022","STK2","bc",0.75,"fhigh",0.1,"b1p","iav2","iny","2o3",0,0,0,"nin"
"sc000991","om055","mp0028","STK1","bc",0.75,"fopt",0.1,"b1p","high","iny","2o3",0,0.8,0.8,"nin"
"sc000992","om056","mp0028","STK1","bc",0.75,"fopt",0.1,"b1p","iav","iny","2o3",0,0.8,0.8,"nin"
"sc000993","om057","mp0028","STK1","bc",0.75,"fopt",0.1,"b1p","iav2","iny","2o3",0,0.8,0.8,"nin"
"sc000994","om058","mp0028","STK1","bc",0.75,"flow",0.1,"b1p","high","iny","2o3",0,0.8,0.8,"nin"
"sc000995","om059","mp0028","STK1","bc",0.75,"flow",0.1,"b1p","iav","iny","2o3",0,0.8,0.8,"nin"
"sc000996","om060","mp0028","STK1","bc",0.75,"flow",0.1,"b1p","iav2","iny","2o3",0,0.8,0.8,"nin"
"sc000997","om061","mp0028","STK1","bc",0.75,"fhigh",0.1,"b1p","high","iny","2o3",0,0.8,0.8,"nin"
"sc000998","om062","mp0028","STK1","bc",0.75,"fhigh",0.1,"b1p","iav","iny","2o3",0,0.8,0.8,"nin"
"sc000999","om063","mp0028","STK1","bc",0.75,"fhigh",0.1,"b1p","iav2","iny","2o3",0,0.8,0.8,"nin"
"sc001000","om064","mp0028","STK2","bc",0.75,"fopt",0.1,"b1p","high","iny","2o3",0,0.8,0.8,"nin"
"sc001001","om065","mp0028","STK2","bc",0.75,"fopt",0.1,"b1p","iav","iny","2o3",0,0.8,0.8,"nin"
"sc001002","om066","mp0028","STK2","bc",0.75,"fopt",0.1,"b1p","iav2","iny","2o3",0,0.8,0.8,"nin"
"sc001003","om067","mp0028","STK2","bc",0.75,"flow",0.1,"b1p","high","iny","2o3",0,0.8,0.8,"nin"
"sc001004","om068","mp0028","STK2","bc",0.75,"flow",0.1,"b1p","iav","iny","2o3",0,0.8,0.8,"nin"
"sc001005","om069","mp0028","STK2","bc",0.75,"flow",0.1,"b1p","iav2","iny","2o3",0,0.8,0.8,"nin"
"sc001006","om070","mp0028","STK2","bc",0.75,"fhigh",0.1,"b1p","high","iny","2o3",0,0.8,0.8,"nin"
"sc001007","om071","mp0028","STK2","bc",0.75,"fhigh",0.1,"b1p","iav","iny","2o3",0,0.8,0.8,"nin"
"sc001008","om072","mp0028","STK2","bc",0.75,"fhigh",0.1,"b1p","iav2","iny","2o3",0,0.8,0.8,"nin"
"sc001009","om055","mp0032","STK1","bc",0.75,"fopt",0.1,"b1p","high","iny","1o5",0,0,0,"nin"
"sc001010","om056","mp0032","STK1","bc",0.75,"fopt",0.1,"b1p","iav","iny","1o5",0,0,0,"nin"
"sc001011","om057","mp0032","STK1","bc",0.75,"fopt",0.1,"b1p","iav2","iny","1o5",0,0,0,"nin"
"sc001012","om058","mp0032","STK1","bc",0.75,"flow",0.1,"b1p","high","iny","1o5",0,0,0,"nin"
"sc001013","om059","mp0032","STK1","bc",0.75,"flow",0.1,"b1p","iav","iny","1o5",0,0,0,"nin"
"sc001014","om060","mp0032","STK1","bc",0.75,"flow",0.1,"b1p","iav2","iny","1o5",0,0,0,"nin"
"sc001015","om061","mp0032","STK1","bc",0.75,"fhigh",0.1,"b1p","high","iny","1o5",0,0,0,"nin"
"sc001016","om062","mp0032","STK1","bc",0.75,"fhigh",0.1,"b1p","iav","iny","1o5",0,0,0,"nin"
"sc001017","om063","mp0032","STK1","bc",0.75,"fhigh",0.1,"b1p","iav2","iny","1o5",0,0,0,"nin"
"sc001018","om064","mp0032","STK2","bc",0.75,"fopt",0.1,"b1p","high","iny","1o5",0,0,0,"nin"
"sc001019","om065","mp0032","STK2","bc",0.75,"fopt",0.1,"b1p","iav","iny","1o5",0,0,0,"nin"
"sc001020","om066","mp0032","STK2","bc",0.75,"fopt",0.1,"b1p","iav2","iny","1o5",0,0,0,"nin"
"sc001021","om067","mp0032","STK2","bc",0.75,"flow",0.1,"b1p","high","iny","1o5",0,0,0,"nin"
"sc001022","om068","mp0032","STK2","bc",0.75,"flow",0.1,"b1p","iav","iny","1o5",0,0,0,"nin"
"sc001023","om069","mp0032","STK2","bc",0.75,"flow",0.1,"b1p","iav2","iny","1o5",0,0,0,"nin"
"sc001024","om070","mp0032","STK2","bc",0.75,"fhigh",0.1,"b1p","high","iny","1o5",0,0,0,"nin"
"sc001025","om071","mp0032","STK2","bc",0.75,"fhigh",0.1,"b1p","iav","iny","1o5",0,0,0,"nin"
"sc001026","om072","mp0032","STK2","bc",0.75,"fhigh",0.1,"b1p","iav2","iny","1o5",0,0,0,"nin"
